address,경로당,보건소,유치원,카페
경기도 가평군 가평읍 개곡리,3,1,0,0
경기도 가평군 가평읍 경반리,1,0,0,2
경기도 가평군 가평읍 금대리,2,0,0,3
경기도 가평군 가평읍 달전리,3,0,0,16
경기도 가평군 가평읍 대곡리,6,0,0,25
경기도 가평군 가평읍 두밀리,1,0,0,1
경기도 가평군 가평읍 마장리,3,0,1,1
경기도 가평군 가평읍 복장리,1,0,0,7
경기도 가평군 가평읍 산유리,1,1,0,5
경기도 가평군 가평읍 상색리,2,0,1,1
경기도 가평군 가평읍 승안리,2,0,0,2
경기도 가평군 가평읍 읍내리,14,1,1,32
경기도 가평군 가평읍 이화리,1,0,0,2
경기도 가평군 가평읍 하색리,4,0,0,1
경기도 가평군 북면 도대리,2,1,0,2
경기도 가평군 북면 목동리,3,1,0,3
경기도 가평군 북면 백둔리,1,1,0,1
경기도 가평군 북면 소법리,2,0,0,0
경기도 가평군 북면 이곡리,2,0,1,1
경기도 가평군 북면 적목리,1,0,0,0
경기도 가평군 북면 제령리,1,0,0,2
경기도 가평군 북면 화악리,2,1,0,2
경기도 가평군 상면 덕현리,1,0,0,3
경기도 가평군 상면 봉수리,3,0,0,0
경기도 가평군 상면 상동리,1,0,0,4
경기도 가평군 상면 연하리,3,1,1,0
경기도 가평군 상면 원흥리,1,0,0,0
경기도 가평군 상면 율길리,3,1,1,1
경기도 가평군 상면 임초리,2,1,1,3
경기도 가평군 상면 태봉리,2,1,0,0
경기도 가평군 상면 항사리,2,0,0,0
경기도 가평군 상면 행현리,2,0,0,13
경기도 가평군 설악면 가일리,2,0,0,6
경기도 가평군 설악면 묵안리,3,0,0,0
경기도 가평군 설악면 미사리,1,1,0,11
경기도 가평군 설악면 방일리,3,1,1,2
경기도 가평군 설악면 사룡리,2,0,0,2
경기도 가평군 설악면 선촌리,4,0,0,5
경기도 가평군 설악면 설곡리,2,1,0,0
경기도 가평군 설악면 송산리,2,0,1,4
경기도 가평군 설악면 신천리,5,1,1,26
경기도 가평군 설악면 엄소리,1,0,0,0
경기도 가평군 설악면 위곡리,4,1,0,4
경기도 가평군 설악면 이천리,2,0,0,3
경기도 가평군 설악면 창의리,1,0,0,2
경기도 가평군 설악면 천안리,2,0,0,1
경기도 가평군 설악면 회곡리,3,0,0,8
경기도 가평군 조종면 대보리,4,0,0,0
경기도 가평군 조종면 마일리,2,0,0,0
경기도 가평군 조종면 상판리,1,0,0,2
경기도 가평군 조종면 신상리,3,0,0,1
경기도 가평군 조종면 신하리,3,0,0,0
경기도 가평군 조종면 운악리,3,1,0,2
경기도 가평군 조종면 현리,8,1,1,21
경기도 가평군 청평면 고성리,1,0,0,6
경기도 가평군 청평면 대성리,4,0,1,12
경기도 가평군 청평면 삼회리,2,1,0,13
경기도 가평군 청평면 상천리,4,1,1,7
경기도 가평군 청평면 청평리,12,1,1,35
경기도 가평군 청평면 하천리,3,0,0,3
경기도 가평군 청평면 호명리,1,0,0,2
경기도 고양시 고양동,0,1,0,0
경기도 고양시 덕양구 강매동,2,0,1,1
경기도 고양시 덕양구 고양동,18,0,4,33
경기도 고양시 덕양구 관산동,10,0,3,23
경기도 고양시 덕양구 내곡동,3,0,0,2
경기도 고양시 덕양구 내유동,4,0,1,11
경기도 고양시 덕양구 대자동,6,0,1,10
경기도 고양시 덕양구 대장동,3,0,1,2
경기도 고양시 덕양구 덕은동,4,0,0,8
경기도 고양시 덕양구 도내동,8,0,3,50
경기도 고양시 덕양구 동산동,5,0,3,68
경기도 고양시 덕양구 벽제동,3,0,1,7
경기도 고양시 덕양구 삼송동,7,0,0,45
경기도 고양시 덕양구 선유동,2,0,0,0
경기도 고양시 덕양구 성사동,17,0,5,36
경기도 고양시 덕양구 신원동,11,0,2,37
경기도 고양시 덕양구 신평동,1,0,0,0
경기도 고양시 덕양구 오금동,1,0,2,1
경기도 고양시 덕양구 용두동,3,0,1,11
경기도 고양시 덕양구 원당동,4,0,1,4
경기도 고양시 덕양구 원흥동,7,0,4,56
경기도 고양시 덕양구 주교동,10,0,2,33
경기도 고양시 덕양구 지축동,3,0,3,11
경기도 고양시 덕양구 토당동,20,0,5,45
경기도 고양시 덕양구 행신동,50,0,17,134
경기도 고양시 덕양구 행주내동,2,0,1,15
경기도 고양시 덕양구 행주외동,2,0,0,9
경기도 고양시 덕양구 향동동,0,0,3,8
경기도 고양시 덕양구 현천동,3,0,0,2
경기도 고양시 덕양구 화전동,4,0,1,13
경기도 고양시 덕양구 화정동,20,0,9,100
경기도 고양시 덕양구 효자동,2,0,0,3
경기도 고양시 마두동,0,1,0,0
경기도 고양시 삼송동,0,0,0,4
경기도 고양시 일산동,0,1,0,0
경기도 고양시 일산동구 마두동,22,0,7,96
경기도 고양시 일산동구 문봉동,3,0,1,5
경기도 고양시 일산동구 백석동,25,0,7,133
경기도 고양시 일산동구 사리현동,6,0,1,6
경기도 고양시 일산동구 산황동,1,0,1,0
경기도 고양시 일산동구 설문동,2,0,0,12
경기도 고양시 일산동구 성석동,7,0,0,22
경기도 고양시 일산동구 식사동,10,0,5,84
경기도 고양시 일산동구 장항동,10,0,2,200
경기도 고양시 일산동구 정발산동,20,0,4,123
경기도 고양시 일산동구 중산동,22,0,7,72
경기도 고양시 일산동구 지영동,1,0,0,6
경기도 고양시 일산동구 풍동,20,0,5,63
경기도 고양시 일산서구 가좌동,10,0,3,22
경기도 고양시 일산서구 구산동,4,0,0,4
경기도 고양시 일산서구 대화동,31,0,7,226
경기도 고양시 일산서구 덕이동,16,0,5,43
경기도 고양시 일산서구 법곳동,4,0,0,1
경기도 고양시 일산서구 일산동,50,0,11,74
경기도 고양시 일산서구 주엽동,37,0,9,53
경기도 고양시 일산서구 탄현동,24,0,10,56
경기도 고양시 주교동,0,1,0,0
경기도 과천시 갈현동,2,0,0,6
경기도 과천시 과천동,6,0,0,32
경기도 과천시 막계동,0,0,0,6
경기도 과천시 문원동,5,0,1,9
경기도 과천시 별양동,5,0,2,20
경기도 과천시 부림동,3,0,1,2
경기도 과천시 원문동,1,0,1,6
경기도 과천시 주암동,3,0,0,11
경기도 과천시 중앙동,4,1,1,19
경기도 광명시 가학동,5,0,2,3
경기도 광명시 광명동,25,1,8,78
경기도 광명시 노온사동,5,0,1,3
경기도 광명시 소하동,34,0,7,94
경기도 광명시 옥길동,2,0,0,2
경기도 광명시 일직동,6,0,1,70
경기도 광명시 철산동,24,0,8,71
경기도 광명시 하안동,18,1,15,70
경기도 광주시 경안동,14,1,4,93
경기도 광주시 곤지암읍 건업리,1,0,0,3
경기도 광주시 곤지암읍 곤지암리,7,0,2,38
경기도 광주시 곤지암읍 만선리,1,1,1,3
경기도 광주시 곤지암읍 봉현리,2,0,0,0
경기도 광주시 곤지암읍 부항리,2,0,0,0
경기도 광주시 곤지암읍 삼리,4,0,2,10
경기도 광주시 곤지암읍 삼합리,1,0,0,1
경기도 광주시 곤지암읍 수양리,4,0,0,0
경기도 광주시 곤지암읍 신대리,1,0,0,3
경기도 광주시 곤지암읍 신촌리,1,0,0,3
경기도 광주시 곤지암읍 연곡리,1,0,0,1
경기도 광주시 곤지암읍 열미리,2,1,0,3
경기도 광주시 곤지암읍 오향리,2,0,0,3
경기도 광주시 곤지암읍 유사리,2,0,0,1
경기도 광주시 곤지암읍 이선리,2,0,0,0
경기도 광주시 곤지암읍 장심리,1,0,0,0
경기도 광주시 남종면 검천리,3,1,0,0
경기도 광주시 남종면 귀여리,1,0,0,0
경기도 광주시 남종면 금사리,1,0,0,0
경기도 광주시 남종면 분원리,1,1,1,5
경기도 광주시 남종면 삼성리,2,0,0,1
경기도 광주시 남종면 수청리,1,0,0,0
경기도 광주시 남한산성면 검복리,1,0,0,6
경기도 광주시 남한산성면 광지원리,1,0,1,1
경기도 광주시 남한산성면 불당리,1,0,0,1
경기도 광주시 남한산성면 산성리,1,1,1,8
경기도 광주시 남한산성면 상번천리,3,0,1,0
경기도 광주시 남한산성면 엄미리,2,0,0,0
경기도 광주시 남한산성면 오전리,1,0,0,6
경기도 광주시 남한산성면 하번천리,1,0,0,0
경기도 광주시 도척면 궁평리,1,0,0,11
경기도 광주시 도척면 노곡리,1,1,1,2
경기도 광주시 도척면 도웅리,2,0,0,8
경기도 광주시 도척면 방도리,2,0,0,0
경기도 광주시 도척면 상림리,3,1,0,3
경기도 광주시 도척면 유정리,2,1,0,4
경기도 광주시 도척면 진우리,4,0,0,5
경기도 광주시 도척면 추곡리,1,0,0,0
경기도 광주시 목동,1,0,0,8
경기도 광주시 목현동,4,0,0,14
경기도 광주시 삼동,4,0,0,2
경기도 광주시 송정동,17,0,2,44
경기도 광주시 쌍령동,10,0,3,15
경기도 광주시 역동,11,0,1,21
경기도 광주시 오포읍 고산리,4,1,0,5
경기도 광주시 오포읍 능평리,9,1,0,34
경기도 광주시 오포읍 매산리,5,0,0,7
경기도 광주시 오포읍 문형리,7,0,0,24
경기도 광주시 오포읍 신현리,14,0,2,43
경기도 광주시 오포읍 양벌리,12,0,3,32
경기도 광주시 오포읍 추자리,2,0,1,15
경기도 광주시 장지동,8,0,0,17
경기도 광주시 중대동,2,0,1,24
경기도 광주시 직동,1,0,0,0
경기도 광주시 초월읍 늑현리,1,0,0,1
경기도 광주시 초월읍 대쌍령리,5,0,0,11
경기도 광주시 초월읍 도평리,6,0,2,6
경기도 광주시 초월읍 무갑리,1,1,0,1
경기도 광주시 초월읍 산이리,5,0,0,8
경기도 광주시 초월읍 서하리,1,0,0,0
경기도 광주시 초월읍 선동리,2,1,1,2
경기도 광주시 초월읍 신월리,3,0,0,2
경기도 광주시 초월읍 쌍동리,7,1,1,7
경기도 광주시 초월읍 용수리,2,0,0,3
경기도 광주시 초월읍 지월리,6,0,0,18
경기도 광주시 초월읍 학동리,3,0,0,0
경기도 광주시 탄벌동,11,0,3,17
경기도 광주시 태전동,22,1,5,43
경기도 광주시 퇴촌면 관음리,3,1,0,12
경기도 광주시 퇴촌면 광동리,2,0,0,11
경기도 광주시 퇴촌면 도마리,1,0,0,0
경기도 광주시 퇴촌면 도수리,3,0,1,10
경기도 광주시 퇴촌면 영동리,2,0,0,7
경기도 광주시 퇴촌면 오리,1,1,0,0
경기도 광주시 퇴촌면 우산리,1,0,0,4
경기도 광주시 퇴촌면 원당리,2,0,0,3
경기도 광주시 퇴촌면 정지리,2,0,0,0
경기도 광주시 회덕동,4,0,1,4
경기도 구리시 갈매동,12,1,3,68
경기도 구리시 교문동,26,0,10,53
경기도 구리시 사노동,6,0,1,6
경기도 구리시 수택동,32,1,2,99
경기도 구리시 아천동,3,0,0,7
경기도 구리시 인창동,44,1,11,75
경기도 구리시 토평동,8,0,2,23
경기도 군포시 금정동,20,0,7,48
경기도 군포시 당동,21,0,7,47
경기도 군포시 당정동,8,0,2,37
경기도 군포시 대야미동,6,0,1,11
경기도 군포시 도마교동,3,0,1,12
경기도 군포시 둔대동,3,0,1,3
경기도 군포시 부곡동,10,1,3,29
경기도 군포시 산본동,45,1,20,160
경기도 군포시 속달동,2,0,0,1
경기도 김포시 감정동,14,0,4,29
경기도 김포시 걸포동,4,0,6,13
경기도 김포시 고촌읍 신곡리,23,1,5,43
경기도 김포시 고촌읍 전호리,2,0,0,14
경기도 김포시 고촌읍 태리,6,0,1,2
경기도 김포시 고촌읍 풍곡리,4,0,3,2
경기도 김포시 고촌읍 향산리,0,0,2,1
경기도 김포시 구래동,13,0,5,104
경기도 김포시 대곶면 거물대리,2,0,0,1
경기도 김포시 대곶면 대능리,5,0,0,0
경기도 김포시 대곶면 대명리,2,0,1,12
경기도 김포시 대곶면 대벽리,5,1,1,0
경기도 김포시 대곶면 상마리,1,0,0,1
경기도 김포시 대곶면 석정리,1,0,1,1
경기도 김포시 대곶면 송마리,4,1,0,2
경기도 김포시 대곶면 쇄암리,1,0,0,0
경기도 김포시 대곶면 신안리,2,0,0,0
경기도 김포시 대곶면 약암리,3,0,0,2
경기도 김포시 대곶면 오니산리,1,0,2,0
경기도 김포시 대곶면 율생리,5,1,1,23
경기도 김포시 대곶면 초원지리,3,0,0,5
경기도 김포시 마산동,8,0,6,27
경기도 김포시 북변동,18,0,3,36
경기도 김포시 사우동,17,1,3,64
경기도 김포시 양촌읍 구래리,3,0,1,6
경기도 김포시 양촌읍 누산리,3,0,0,6
경기도 김포시 양촌읍 대포리,2,0,0,2
경기도 김포시 양촌읍 석모리,4,0,0,13
경기도 김포시 양촌읍 양곡리,16,1,5,38
경기도 김포시 양촌읍 유현리,2,0,0,1
경기도 김포시 양촌읍 학운리,8,1,1,15
경기도 김포시 양촌읍 흥신리,2,0,0,0
경기도 김포시 운양동,23,0,9,103
경기도 김포시 월곶면 갈산리,3,0,0,8
경기도 김포시 월곶면 개곡리,5,1,1,0
경기도 김포시 월곶면 고막리,2,0,0,5
경기도 김포시 월곶면 고양리,2,0,0,1
경기도 김포시 월곶면 군하리,3,1,1,11
경기도 김포시 월곶면 보구곶리,1,0,0,2
경기도 김포시 월곶면 성동리,2,1,0,0
경기도 김포시 월곶면 용강리,1,0,0,0
경기도 김포시 월곶면 조강리,1,0,0,0
경기도 김포시 월곶면 포내리,2,0,0,7
경기도 김포시 장기동,27,0,13,166
경기도 김포시 장기동 석모리,0,0,0,1
경기도 김포시 통진읍 가현리,5,0,0,2
경기도 김포시 통진읍 고정리,3,0,0,1
경기도 김포시 통진읍 귀전리,3,0,0,2
경기도 김포시 통진읍 도사리,8,0,0,4
경기도 김포시 통진읍 동을산리,2,0,0,2
경기도 김포시 통진읍 마송리,7,1,2,34
경기도 김포시 통진읍 서암리,6,0,4,19
경기도 김포시 통진읍 수참리,2,0,0,2
경기도 김포시 통진읍 옹정리,3,0,1,1
경기도 김포시 풍무동,19,0,11,82
경기도 김포시 하성면 가금리,3,0,0,0
경기도 김포시 하성면 마곡리,5,1,1,12
경기도 김포시 하성면 마근포리,1,0,0,0
경기도 김포시 하성면 마조리,2,1,1,0
경기도 김포시 하성면 봉성리,2,0,0,2
경기도 김포시 하성면 석탄리,5,1,0,1
경기도 김포시 하성면 시암리,2,0,0,0
경기도 김포시 하성면 양택리,2,0,0,3
경기도 김포시 하성면 원산리,3,0,0,1
경기도 김포시 하성면 전류리,1,0,0,4
경기도 김포시 하성면 하사리,2,0,0,0
경기도 김포시 하성면 후평리,3,0,0,2
경기도 남양주시 가운동,0,0,0,5
경기도 남양주시 금곡동,21,1,2,30
경기도 남양주시 다산동,40,1,19,64
경기도 남양주시 도농동,0,0,0,23
경기도 남양주시 별내동,34,1,8,148
경기도 남양주시 별내면 광전리,2,0,1,4
경기도 남양주시 별내면 용암리,1,0,0,3
경기도 남양주시 별내면 청학리,12,1,3,20
경기도 남양주시 삼패동,3,0,0,7
경기도 남양주시 수동면 내방리,3,0,0,4
경기도 남양주시 수동면 송천리,4,0,0,3
경기도 남양주시 수동면 수산리,3,0,0,1
경기도 남양주시 수동면 외방리,3,0,0,2
경기도 남양주시 수동면 운수리,4,1,0,3
경기도 남양주시 수동면 입석리,4,0,1,10
경기도 남양주시 수동면 지둔리,3,0,0,1
경기도 남양주시 수석동,2,0,0,20
경기도 남양주시 오남읍 양지리,12,1,3,33
경기도 남양주시 오남읍 오남리,31,1,4,39
경기도 남양주시 오남읍 팔현리,2,0,0,1
경기도 남양주시 와부읍 덕소리,23,1,7,50
경기도 남양주시 와부읍 도곡리,13,0,4,23
경기도 남양주시 와부읍 월문리,6,0,1,22
경기도 남양주시 와부읍 율석리,3,0,0,4
경기도 남양주시 와부읍 팔당리,2,0,0,17
경기도 남양주시 이패동,3,0,0,4
경기도 남양주시 일패동,4,0,1,5
경기도 남양주시 조안면 능내리,2,0,0,6
경기도 남양주시 조안면 삼봉리,2,0,0,18
경기도 남양주시 조안면 송촌리,2,0,0,3
경기도 남양주시 조안면 시우리,1,1,0,0
경기도 남양주시 조안면 조안리,2,0,0,1
경기도 남양주시 조안면 진중리,2,1,0,2
경기도 남양주시 지금동,0,0,0,5
경기도 남양주시 진건읍 배양리,2,0,0,2
경기도 남양주시 진건읍 사능리,6,0,1,8
경기도 남양주시 진건읍 송능리,2,0,0,1
경기도 남양주시 진건읍 신월리,4,0,1,2
경기도 남양주시 진건읍 용정리,17,1,2,16
경기도 남양주시 진건읍 진관리,7,0,0,4
경기도 남양주시 진접읍 금곡리,17,1,6,42
경기도 남양주시 진접읍 내각리,7,0,1,8
경기도 남양주시 진접읍 내곡리,5,0,0,0
경기도 남양주시 진접읍 부평리,11,0,2,12
경기도 남양주시 진접읍 연평리,4,0,0,8
경기도 남양주시 진접읍 장현리,19,0,5,51
경기도 남양주시 진접읍 진벌리,3,0,0,8
경기도 남양주시 진접읍 팔야리,4,0,2,10
경기도 남양주시 퇴계원면 퇴계원리,0,0,0,15
경기도 남양주시 퇴계원읍 퇴계원리,23,1,4,8
경기도 남양주시 평내동,22,0,5,51
경기도 남양주시 호평동,27,1,9,103
경기도 남양주시 화도읍 가곡리,4,0,1,7
경기도 남양주시 화도읍 구암리,5,0,0,2
경기도 남양주시 화도읍 금남리,3,0,1,30
경기도 남양주시 화도읍 녹촌리,11,0,1,10
경기도 남양주시 화도읍 답내리,4,0,1,6
경기도 남양주시 화도읍 마석우리,19,2,3,55
경기도 남양주시 화도읍 묵현리,21,0,5,27
경기도 남양주시 화도읍 월산리,6,0,1,10
경기도 남양주시 화도읍 차산리,6,0,1,9
경기도 남양주시 화도읍 창현리,18,0,5,28
경기도 동두천시 걸산동,1,0,0,0
경기도 동두천시 광암동,3,0,0,2
경기도 동두천시 동두천동,6,0,1,7
경기도 동두천시 보산동,8,0,0,9
경기도 동두천시 상봉암동,7,0,1,3
경기도 동두천시 상패동,11,0,0,8
경기도 동두천시 생연동,38,1,7,65
경기도 동두천시 송내동,6,0,1,18
경기도 동두천시 안흥동,4,0,0,2
경기도 동두천시 지행동,18,0,4,47
경기도 동두천시 탑동동,5,0,1,8
경기도 동두천시 하봉암동,3,0,0,2
경기도 부천시 고강동,24,0,4,23
경기도 부천시 괴안동,23,0,6,25
경기도 부천시 내동,4,0,0,8
경기도 부천시 대장동,2,0,0,0
경기도 부천시 도당동,6,0,4,36
경기도 부천시 범박동,7,0,5,13
경기도 부천시 삼정동,7,0,1,22
경기도 부천시 상동,45,0,19,125
경기도 부천시 소사동,4,0,1,5
경기도 부천시 소사본동,30,1,7,51
경기도 부천시 송내동,31,0,7,60
경기도 부천시 심곡동,11,0,4,109
경기도 부천시 심곡본동,15,0,3,42
경기도 부천시 약대동,9,0,2,15
경기도 부천시 여월동,11,0,3,13
경기도 부천시 역곡동,17,0,4,30
경기도 부천시 오정동,13,1,6,13
경기도 부천시 옥길동,10,0,4,42
경기도 부천시 원미동,8,0,6,17
경기도 부천시 원종동,28,0,6,31
경기도 부천시 원종동?,1,0,0,0
경기도 부천시 작동,5,0,2,14
경기도 부천시 중동,54,1,27,160
경기도 부천시 춘의동,9,0,0,11
경기도 성남시 분당구 구미동,25,0,9,100
경기도 성남시 분당구 궁내동,1,0,0,6
경기도 성남시 분당구 금곡동,14,0,4,39
경기도 성남시 분당구 대장동,0,0,1,4
경기도 성남시 분당구 동원동,2,0,0,1
경기도 성남시 분당구 백현동,12,0,4,93
경기도 성남시 분당구 분당동,12,0,4,14
경기도 성남시 분당구 삼평동,10,0,3,125
경기도 성남시 분당구 서현동,13,0,5,178
경기도 성남시 분당구 석운동,0,0,0,12
경기도 성남시 분당구 수내동,11,0,7,102
경기도 성남시 분당구 야탑동,34,0,10,103
경기도 성남시 분당구 운중동,14,0,3,54
경기도 성남시 분당구 율동,1,0,0,23
경기도 성남시 분당구 이매동,18,0,6,37
경기도 성남시 분당구 정자동,32,0,13,161
경기도 성남시 분당구 판교동,14,0,4,33
경기도 성남시 상대원동,0,1,0,0
경기도 성남시 수정구 고등동,3,0,1,19
경기도 성남시 수정구 금토동,4,0,0,5
경기도 성남시 수정구 단대동,9,0,1,11
경기도 성남시 수정구 복정동,4,0,1,54
경기도 성남시 수정구 사송동,1,0,0,10
경기도 성남시 수정구 산성동,3,0,1,11
경기도 성남시 수정구 상적동,3,0,0,18
경기도 성남시 수정구 수진동,10,0,3,32
경기도 성남시 수정구 시흥동,2,0,0,21
경기도 성남시 수정구 신촌동,1,0,0,3
경기도 성남시 수정구 신흥동,13,0,2,69
경기도 성남시 수정구 심곡동,2,0,0,4
경기도 성남시 수정구 양지동,2,0,0,13
경기도 성남시 수정구 오야동,1,0,0,5
경기도 성남시 수정구 중대동,0,0,1,0
경기도 성남시 수정구 창곡동,14,0,8,120
경기도 성남시 수정구 태평동,22,0,4,64
경기도 성남시 신흥동,0,1,0,0
경기도 성남시 야탑동,0,1,0,0
경기도 성남시 운중동,0,1,0,0
경기도 성남시 중원구 갈현동,1,0,0,0
경기도 성남시 중원구 금광동,12,0,4,45
경기도 성남시 중원구 도촌동,9,0,2,9
경기도 성남시 중원구 상대원동,18,0,4,66
경기도 성남시 중원구 성남동,6,0,2,90
경기도 성남시 중원구 여수동,4,0,1,30
경기도 성남시 중원구 은행동,13,0,4,18
경기도 성남시 중원구 중앙동,6,0,1,25
경기도 성남시 중원구 하대원동,9,0,2,10
경기도 수원시 교동,0,1,0,0
경기도 수원시 권선구 고색동,11,0,3,38
경기도 수원시 권선구 곡반정동,5,0,3,28
경기도 수원시 권선구 구운동,10,0,3,37
경기도 수원시 권선구 권선동,40,0,19,105
경기도 수원시 권선구 금곡동,18,0,9,58
경기도 수원시 권선구 당수동,8,0,3,7
경기도 수원시 권선구 서둔동,10,0,4,19
경기도 수원시 권선구 세류동,28,0,4,44
경기도 수원시 권선구 오목천동,13,0,5,22
경기도 수원시 권선구 입북동,6,0,1,6
경기도 수원시 권선구 탑동,7,0,3,24
경기도 수원시 권선구 평동,2,0,0,11
경기도 수원시 권선구 평리동,0,0,0,1
경기도 수원시 권선구 호매실동,18,0,5,36
경기도 수원시 망포동,0,0,0,6
경기도 수원시 신동,0,0,0,5
경기도 수원시 영통구 망포동,16,0,6,37
경기도 수원시 영통구 매탄동,38,0,14,110
경기도 수원시 영통구 신동,3,0,2,32
경기도 수원시 영통구 영통동,30,0,14,128
경기도 수원시 영통구 원천동,10,0,8,75
경기도 수원시 영통구 이의동,22,0,5,218
경기도 수원시 영통구 하동,8,0,2,65
경기도 수원시 영통동,0,1,0,0
경기도 수원시 장안구 상광교동,1,0,0,0
경기도 수원시 장안구 송죽동,7,0,2,42
경기도 수원시 장안구 연무동,10,0,1,28
경기도 수원시 장안구 영화동,9,0,2,44
경기도 수원시 장안구 율전동,16,0,6,48
경기도 수원시 장안구 이목동,4,0,0,8
경기도 수원시 장안구 정자동,39,0,11,81
경기도 수원시 장안구 조원동,17,0,9,47
경기도 수원시 장안구 천천동,11,0,6,53
경기도 수원시 장안구 파장동,9,0,3,23
경기도 수원시 장안구 하광교동,1,0,0,1
경기도 수원시 조원동,0,1,0,0
경기도 수원시 탑동,0,1,0,0
경기도 수원시 팔달구 고등동,2,0,3,22
경기도 수원시 팔달구 교동,1,0,0,18
경기도 수원시 팔달구 구천동,1,0,0,1
경기도 수원시 팔달구 남수동,1,0,0,8
경기도 수원시 팔달구 남창동,1,0,1,8
경기도 수원시 팔달구 매교동,4,0,0,10
경기도 수원시 팔달구 매산로1가,1,0,0,53
경기도 수원시 팔달구 매산로2가,1,0,0,20
경기도 수원시 팔달구 매산로3가,3,0,1,14
경기도 수원시 팔달구 매향동,1,0,1,5
경기도 수원시 팔달구 북수동,1,0,0,24
경기도 수원시 팔달구 신풍동,2,0,0,26
경기도 수원시 팔달구 영동,1,0,0,3
경기도 수원시 팔달구 우만동,17,0,5,61
경기도 수원시 팔달구 인계동,15,0,3,130
경기도 수원시 팔달구 장안동,1,0,0,20
경기도 수원시 팔달구 중동,0,0,0,3
경기도 수원시 팔달구 지동,7,0,2,13
경기도 수원시 팔달구 팔달로1가,0,0,0,2
경기도 수원시 팔달구 팔달로2가,0,0,0,11
경기도 수원시 팔달구 팔달로3가,1,0,0,11
경기도 수원시 팔달구 화서동,25,0,6,54
경기도 시흥시 거모동,16,0,2,13
경기도 시흥시 계수동,3,0,1,2
경기도 시흥시 과림동,3,1,0,3
경기도 시흥시 광석동,1,0,1,1
경기도 시흥시 군자동,2,0,1,6
경기도 시흥시 금이동,2,0,0,0
경기도 시흥시 논곡동,4,0,2,4
경기도 시흥시 능곡동,13,0,3,27
경기도 시흥시 대야동,22,1,5,86
경기도 시흥시 도창동,3,0,1,3
경기도 시흥시 매화동,9,0,3,5
경기도 시흥시 목감동,4,0,0,20
경기도 시흥시 무지내동,2,0,0,0
경기도 시흥시 물왕동,2,0,0,11
경기도 시흥시 미산동,6,0,0,4
경기도 시흥시 방산동,2,0,0,1
경기도 시흥시 배곧동,0,0,9,0
경기도 시흥시 산현동,5,0,1,16
경기도 시흥시 신천동,23,0,5,66
경기도 시흥시 안현동,3,0,0,0
경기도 시흥시 월곶동,8,1,3,23
경기도 시흥시 은행동,22,0,9,62
경기도 시흥시 장곡동,8,0,4,20
경기도 시흥시 장현동,2,0,5,18
경기도 시흥시 정왕동,80,1,13,288
경기도 시흥시 조남동,18,0,4,27
경기도 시흥시 죽율동,3,0,1,3
경기도 시흥시 포동,7,1,1,3
경기도 시흥시 하상동,4,0,0,7
경기도 시흥시 하중동,6,1,3,14
경기도 안산시 건건동,0,1,0,0
경기도 안산시 고잔동,0,0,0,28
경기도 안산시 단원구 고잔동,43,0,13,230
경기도 안산시 단원구 대부남동,6,0,1,14
경기도 안산시 단원구 대부동동,6,0,1,5
경기도 안산시 단원구 대부북동,6,0,1,32
경기도 안산시 단원구 선감동,2,0,0,3
경기도 안산시 단원구 선부동,27,0,10,47
경기도 안산시 단원구 성곡동,0,0,0,7
경기도 안산시 단원구 신길동,16,0,4,14
경기도 안산시 단원구 와동,9,0,3,25
경기도 안산시 단원구 원곡동,9,0,2,57
경기도 안산시 단원구 원시동,0,0,0,15
경기도 안산시 단원구 초지동,13,0,9,57
경기도 안산시 단원구 풍도동,2,0,0,0
경기도 안산시 단원구 화정동,2,0,0,4
경기도 안산시 대부남동,0,1,0,0
경기도 안산시 대부북동,0,1,0,0
경기도 안산시 사동,0,1,0,39
경기도 안산시 상록구 건건동,5,0,3,22
경기도 안산시 상록구 본오동,20,0,7,86
경기도 안산시 상록구 부곡동,8,0,2,23
경기도 안산시 상록구 사동,30,0,13,103
경기도 안산시 상록구 사사동,6,0,0,3
경기도 안산시 상록구 성포동,9,0,3,20
경기도 안산시 상록구 수암동,3,0,2,11
경기도 안산시 상록구 양상동,2,0,0,1
경기도 안산시 상록구 월피동,11,0,3,32
경기도 안산시 상록구 이동,5,0,4,57
경기도 안산시 상록구 일동,5,0,3,29
경기도 안산시 상록구 장상동,5,0,0,2
경기도 안산시 상록구 장하동,2,0,0,2
경기도 안산시 상록구 팔곡이동,3,0,1,4
경기도 안산시 상록구 팔곡일동,3,0,0,2
경기도 안산시 수암동,0,1,0,0
경기도 안산시 신길동,0,0,0,8
경기도 안산시 원곡동,0,1,0,15
경기도 안산시 초지동,0,1,0,0
경기도 안산시 풍도동,0,1,0,0
경기도 안성시 가사동,3,0,0,5
경기도 안성시 가현동,2,0,0,1
경기도 안성시 계동,1,0,0,2
경기도 안성시 고삼면 가유리,5,1,1,5
경기도 안성시 고삼면 대갈리,2,0,0,0
경기도 안성시 고삼면 봉산리,2,0,0,0
경기도 안성시 고삼면 삼은리,1,0,0,0
경기도 안성시 고삼면 신창리,5,0,0,0
경기도 안성시 고삼면 쌍지리,5,1,0,0
경기도 안성시 고삼면 월향리,2,0,0,1
경기도 안성시 공도읍 건천리,1,1,0,0
경기도 안성시 공도읍 마정리,9,0,0,20
경기도 안성시 공도읍 만정리,11,0,3,32
경기도 안성시 공도읍 불당리,1,0,0,0
경기도 안성시 공도읍 승두리,8,0,1,8
경기도 안성시 공도읍 신두리,2,0,0,5
경기도 안성시 공도읍 양기리,3,0,2,1
경기도 안성시 공도읍 용두리,6,1,5,17
경기도 안성시 공도읍 웅교리,4,0,0,0
경기도 안성시 공도읍 중복리,2,0,0,0
경기도 안성시 공도읍 진사리,10,0,3,20
경기도 안성시 구포동,1,0,2,0
경기도 안성시 금광면 개산리,3,0,1,0
경기도 안성시 금광면 금광리,1,0,1,3
경기도 안성시 금광면 내우리,2,1,0,0
경기도 안성시 금광면 사흥리,3,0,1,0
경기도 안성시 금광면 삼흥리,4,0,0,1
경기도 안성시 금광면 상중리,3,0,0,0
경기도 안성시 금광면 석하리,1,0,0,0
경기도 안성시 금광면 신양복리,5,0,0,5
경기도 안성시 금광면 오산리,2,1,0,0
경기도 안성시 금광면 오흥리,3,0,0,2
경기도 안성시 금광면 옥정리,3,0,0,0
경기도 안성시 금광면 장죽리,1,0,0,1
경기도 안성시 금광면 한운리,2,0,0,0
경기도 안성시 금광면 현곡리,2,1,0,1
경기도 안성시 금산동,6,0,1,8
경기도 안성시 금석동,2,0,0,0
경기도 안성시 낙원동,2,0,0,5
경기도 안성시 당왕동,8,0,2,10
경기도 안성시 대덕면 건지리,2,0,1,0
경기도 안성시 대덕면 내리,2,0,1,21
경기도 안성시 대덕면 대농리,2,0,0,0
경기도 안성시 대덕면 명당리,1,0,0,0
경기도 안성시 대덕면 모산리,2,0,0,2
경기도 안성시 대덕면 무능리,1,0,0,0
경기도 안성시 대덕면 보동리,2,0,0,1
경기도 안성시 대덕면 삼한리,3,0,0,0
경기도 안성시 대덕면 소내리,2,0,0,0
경기도 안성시 대덕면 소현리,2,0,0,0
경기도 안성시 대덕면 신령리,3,0,1,4
경기도 안성시 대덕면 죽리,3,0,0,1
경기도 안성시 대덕면 진현리,3,0,1,0
경기도 안성시 대덕면 토현리,1,0,0,0
경기도 안성시 대천동,0,0,0,22
경기도 안성시 도기동,2,1,0,7
경기도 안성시 동본동,1,0,0,8
경기도 안성시 명륜동,1,0,0,1
경기도 안성시 미양면 갈전리,1,0,0,0
경기도 안성시 미양면 강덕리,1,0,0,1
경기도 안성시 미양면 개정리,5,1,1,0
경기도 안성시 미양면 계륵리,2,0,0,4
경기도 안성시 미양면 고지리,4,0,0,0
경기도 안성시 미양면 구례리,1,0,0,0
경기도 안성시 미양면 구수리,2,0,0,0
경기도 안성시 미양면 마산리,3,0,0,0
경기도 안성시 미양면 법전리,2,0,0,0
경기도 안성시 미양면 보체리,4,0,1,1
경기도 안성시 미양면 신계리,1,0,0,0
경기도 안성시 미양면 신기리,1,0,0,0
경기도 안성시 미양면 양변리,3,0,0,0
경기도 안성시 미양면 양지리,4,1,2,1
경기도 안성시 미양면 용두리,1,0,0,0
경기도 안성시 미양면 정동리,1,0,0,0
경기도 안성시 미양면 진촌리,1,0,0,0
경기도 안성시 보개면 가율리,3,0,0,0
경기도 안성시 보개면 곡천리,1,0,0,1
경기도 안성시 보개면 구사리,2,0,0,0
경기도 안성시 보개면 기좌리,2,0,0,0
경기도 안성시 보개면 남풍리,3,0,0,1
경기도 안성시 보개면 내방리,1,0,0,0
경기도 안성시 보개면 동신리,3,0,1,1
경기도 안성시 보개면 동평리,3,1,0,0
경기도 안성시 보개면 복평리,1,1,0,3
경기도 안성시 보개면 북가현리,4,0,0,1
경기도 안성시 보개면 북좌리,1,0,0,0
경기도 안성시 보개면 불현리,1,0,0,0
경기도 안성시 보개면 상삼리,3,0,0,1
경기도 안성시 보개면 신안리,2,0,0,0
경기도 안성시 보개면 신장리,1,0,0,0
경기도 안성시 보개면 양복리,1,0,0,0
경기도 안성시 보개면 오두리,1,0,0,0
경기도 안성시 보개면 이전리,1,0,1,0
경기도 안성시 보개면 적가리,2,0,0,0
경기도 안성시 봉남동,2,0,0,3
경기도 안성시 봉산동,2,0,0,10
경기도 안성시 사곡동,1,0,0,2
경기도 안성시 삼죽면 기솔리,2,0,0,0
경기도 안성시 삼죽면 내강리,3,1,0,3
경기도 안성시 삼죽면 내장리,3,0,0,1
경기도 안성시 삼죽면 덕산리,5,0,1,1
경기도 안성시 삼죽면 마전리,3,0,1,0
경기도 안성시 삼죽면 미장리,2,0,0,0
경기도 안성시 삼죽면 배태리,1,0,0,0
경기도 안성시 삼죽면 용월리,4,0,0,6
경기도 안성시 삼죽면 율곡리,3,1,0,0
경기도 안성시 삼죽면 진촌리,2,0,0,5
경기도 안성시 서운면 동촌리,1,0,1,1
경기도 안성시 서운면 북산리,2,0,0,0
경기도 안성시 서운면 산평리,3,1,0,0
경기도 안성시 서운면 송산리,2,0,0,0
경기도 안성시 서운면 송정리,2,1,0,0
경기도 안성시 서운면 신기리,1,0,0,0
경기도 안성시 서운면 신능리,2,0,0,4
경기도 안성시 서운면 신촌리,3,0,0,1
경기도 안성시 서운면 신흥리,1,0,0,0
경기도 안성시 서운면 양촌리,2,0,0,0
경기도 안성시 서운면 오촌리,1,0,0,1
경기도 안성시 서운면 인리,2,1,0,1
경기도 안성시 서운면 청용리,1,0,0,1
경기도 안성시 서운면 현매리,2,0,1,0
경기도 안성시 서인동,2,0,0,14
경기도 안성시 석정동,3,0,0,35
경기도 안성시 성남동,1,0,0,2
경기도 안성시 숭인동,3,0,0,2
경기도 안성시 신건지동,1,0,0,1
경기도 안성시 신소현동,3,0,0,1
경기도 안성시 신흥동,1,0,0,0
경기도 안성시 아양동,4,0,1,2
경기도 안성시 양성면 구장리,1,0,0,0
경기도 안성시 양성면 난실리,2,0,0,0
경기도 안성시 양성면 노곡리,4,1,1,2
경기도 안성시 양성면 덕봉리,2,0,0,2
경기도 안성시 양성면 도곡리,1,0,0,1
경기도 안성시 양성면 동항리,3,1,0,17
경기도 안성시 양성면 명목리,4,1,0,0
경기도 안성시 양성면 미산리,3,0,0,3
경기도 안성시 양성면 방신리,2,0,0,2
경기도 안성시 양성면 방축리,1,0,0,0
경기도 안성시 양성면 산정리,1,0,0,0
경기도 안성시 양성면 삼암리,2,0,0,0
경기도 안성시 양성면 석화리,1,0,0,0
경기도 안성시 양성면 이현리,1,0,0,1
경기도 안성시 양성면 장서리,1,0,0,0
경기도 안성시 양성면 추곡리,1,0,0,0
경기도 안성시 양성면 필산리,1,0,0,0
경기도 안성시 연지동,2,0,0,9
경기도 안성시 영동,1,0,0,2
경기도 안성시 옥산동,4,0,1,7
경기도 안성시 옥천동,1,0,0,1
경기도 안성시 원곡면 내가천리,2,0,1,2
경기도 안성시 원곡면 반제리,2,0,0,14
경기도 안성시 원곡면 산하리,2,0,0,5
경기도 안성시 원곡면 성은리,2,0,0,1
경기도 안성시 원곡면 성주리,1,0,0,1
경기도 안성시 원곡면 외가천리,4,1,0,5
경기도 안성시 원곡면 지문리,3,0,0,2
경기도 안성시 원곡면 칠곡리,5,0,0,18
경기도 안성시 인지동,2,0,0,16
경기도 안성시 일죽면 가리,2,0,0,0
경기도 안성시 일죽면 고은리,3,0,0,0
경기도 안성시 일죽면 금산리,3,1,0,0
경기도 안성시 일죽면 능국리,4,0,0,0
경기도 안성시 일죽면 당촌리,2,0,0,1
경기도 안성시 일죽면 방초리,4,1,0,3
경기도 안성시 일죽면 산북리,1,0,0,0
경기도 안성시 일죽면 송천리,5,1,0,18
경기도 안성시 일죽면 신흥리,4,0,0,0
경기도 안성시 일죽면 월정리,4,0,0,1
경기도 안성시 일죽면 장암리,1,0,0,0
경기도 안성시 일죽면 주천리,2,0,1,0
경기도 안성시 일죽면 죽림리,2,0,0,0
경기도 안성시 일죽면 화곡리,3,0,0,0
경기도 안성시 일죽면 화봉리,3,0,0,1
경기도 안성시 죽산면 당목리,2,1,0,1
경기도 안성시 죽산면 두교리,3,0,1,0
경기도 안성시 죽산면 두현리,3,0,0,0
경기도 안성시 죽산면 매산리,4,0,0,1
경기도 안성시 죽산면 용설리,4,0,0,0
경기도 안성시 죽산면 장계리,3,0,0,0
경기도 안성시 죽산면 장능리,2,0,0,0
경기도 안성시 죽산면 장원리,4,0,0,1
경기도 안성시 죽산면 죽산리,7,1,1,16
경기도 안성시 죽산면 칠장리,2,0,0,1
경기도 안성시 중리동,5,0,0,2
경기도 안성시 창전동,1,0,0,1
경기도 안성시 현수동,1,0,0,3
경기도 안양시 동안구 관양동,25,0,11,254
경기도 안양시 동안구 비산동,29,0,14,117
경기도 안양시 동안구 평촌동,29,0,9,72
경기도 안양시 동안구 호계동,51,0,13,216
경기도 안양시 만안구 박달동,21,0,3,39
경기도 안양시 만안구 석수동,30,0,7,83
경기도 안양시 만안구 안양동,57,0,17,297
경기도 안양시 비산동,0,1,0,0
경기도 안양시 안양동,0,1,0,0
경기도 양주시 고암동,8,0,5,14
경기도 양주시 고읍동,9,0,4,9
경기도 양주시 광사동,8,0,2,46
경기도 양주시 광적면 가납리,6,0,2,16
경기도 양주시 광적면 광석리,3,0,0,1
경기도 양주시 광적면 덕도리,3,0,0,0
경기도 양주시 광적면 비암리,2,0,0,0
경기도 양주시 광적면 석우리,3,0,1,1
경기도 양주시 광적면 우고리,2,0,0,0
경기도 양주시 광적면 효촌리,3,0,0,0
경기도 양주시 남면 경신리,1,0,0,0
경기도 양주시 남면 구암리,2,0,0,0
경기도 양주시 남면 두곡리,1,0,0,0
경기도 양주시 남면 매곡리,1,1,0,1
경기도 양주시 남면 상수리,4,1,0,2
경기도 양주시 남면 신산리,6,0,1,17
경기도 양주시 남면 신암리,2,0,0,0
경기도 양주시 남면 입암리,2,0,0,1
경기도 양주시 남면 한산리,2,0,0,2
경기도 양주시 남면 황방리,2,0,0,1
경기도 양주시 남방동,5,1,0,4
경기도 양주시 덕계동,24,0,4,22
경기도 양주시 덕정동,17,1,2,40
경기도 양주시 마전동,2,0,0,2
경기도 양주시 만송동,11,0,2,17
경기도 양주시 백석읍 가업리,5,0,0,1
경기도 양주시 백석읍 기산리,1,0,0,6
경기도 양주시 백석읍 방성리,9,0,0,5
경기도 양주시 백석읍 복지리,13,0,3,11
경기도 양주시 백석읍 연곡리,4,1,0,0
경기도 양주시 백석읍 오산리,9,0,1,8
경기도 양주시 백석읍 홍죽리,3,0,0,6
경기도 양주시 봉양동,4,0,0,1
경기도 양주시 산북동,4,0,0,2
경기도 양주시 삼숭동,13,0,2,27
경기도 양주시 어둔동,2,0,0,0
경기도 양주시 옥정동,10,0,7,49
경기도 양주시 유양동,1,0,0,2
경기도 양주시 율정동,2,0,1,6
경기도 양주시 은현면 도하리,3,0,0,0
경기도 양주시 은현면 봉암리,2,1,1,5
경기도 양주시 은현면 선암리,2,0,0,1
경기도 양주시 은현면 용암리,5,0,0,3
경기도 양주시 은현면 운암리,3,0,0,3
경기도 양주시 은현면 하패리,5,0,1,0
경기도 양주시 장흥면 교현리,2,0,3,4
경기도 양주시 장흥면 부곡리,5,0,0,9
경기도 양주시 장흥면 삼상리,3,0,1,4
경기도 양주시 장흥면 삼하리,1,0,0,5
경기도 양주시 장흥면 석현리,1,0,0,12
경기도 양주시 장흥면 울대리,2,0,0,7
경기도 양주시 장흥면 일영리,4,1,0,10
경기도 양주시 회암동,3,0,0,5
경기도 양주시 회정동,7,0,1,13
경기도 양평군 강상면 교평리,2,0,0,10
경기도 양평군 강상면 대석리,2,0,0,0
경기도 양평군 강상면 병산리,8,0,0,11
경기도 양평군 강상면 세월리,1,1,1,0
경기도 양평군 강상면 송학리,4,0,0,0
경기도 양평군 강상면 신화리,2,0,1,0
경기도 양평군 강상면 화양리,2,0,0,3
경기도 양평군 강하면 동오리,2,1,0,0
경기도 양평군 강하면 성덕리,5,0,0,2
경기도 양평군 강하면 왕창리,3,0,0,4
경기도 양평군 강하면 운심리,2,1,1,6
경기도 양평군 강하면 전수리,4,0,0,13
경기도 양평군 강하면 항금리,1,0,0,0
경기도 양평군 개군면 계전리,1,0,0,0
경기도 양평군 개군면 공세리,2,0,0,5
경기도 양평군 개군면 구미리,1,0,0,0
경기도 양평군 개군면 내리,2,0,0,0
경기도 양평군 개군면 도곡리,0,0,0,2
경기도 양평군 개군면 부리,2,0,0,0
경기도 양평군 개군면 불곡리,1,0,0,0
경기도 양평군 개군면 상자포리,2,0,0,0
경기도 양평군 개군면 석장리,2,0,0,0
경기도 양평군 개군면 앙덕리,1,0,0,0
경기도 양평군 개군면 자연리,1,0,0,0
경기도 양평군 개군면 주읍리,1,0,0,0
경기도 양평군 개군면 하자포리,3,1,1,9
경기도 양평군 개군면 향리,1,0,0,0
경기도 양평군 단월면 덕수리,2,0,0,0
경기도 양평군 단월면 명성리,2,0,0,0
경기도 양평군 단월면 보룡리,3,1,1,1
경기도 양평군 단월면 봉상리,2,0,0,0
경기도 양평군 단월면 부안리,2,1,0,2
경기도 양평군 단월면 산음리,2,1,0,0
경기도 양평군 단월면 삼가리,1,0,0,0
경기도 양평군 단월면 석산리,2,0,0,1
경기도 양평군 단월면 향소리,2,0,0,1
경기도 양평군 서종면 노문리,1,1,0,0
경기도 양평군 서종면 도장리,2,0,0,7
경기도 양평군 서종면 명달리,1,0,0,0
경기도 양평군 서종면 문호리,5,1,1,29
경기도 양평군 서종면 서후리,2,1,0,0
경기도 양평군 서종면 수능리,2,0,0,2
경기도 양평군 서종면 수입리,3,0,1,7
경기도 양평군 서종면 정배리,2,1,1,1
경기도 양평군 양동면 계정리,3,1,0,0
경기도 양평군 양동면 고송리,3,1,1,1
경기도 양평군 양동면 금왕리,2,1,0,0
경기도 양평군 양동면 단석리,2,1,0,0
경기도 양평군 양동면 매월리,4,0,0,1
경기도 양평군 양동면 삼산리,7,0,0,0
경기도 양평군 양동면 석곡리,4,1,1,0
경기도 양평군 양동면 쌍학리,6,0,0,11
경기도 양평군 양서면 국수리,3,0,0,1
경기도 양평군 양서면 대심리,2,0,0,2
경기도 양평군 양서면 도곡리,1,0,1,1
경기도 양평군 양서면 목왕리,3,0,0,5
경기도 양평군 양서면 복포리,3,1,0,1
경기도 양평군 양서면 부용리,2,0,0,0
경기도 양평군 양서면 신원리,3,0,0,0
경기도 양평군 양서면 양수리,9,0,0,22
경기도 양평군 양서면 용담리,4,0,1,10
경기도 양평군 양서면 증동리,3,0,1,0
경기도 양평군 양서면 청계리,3,0,0,0
경기도 양평군 양평읍 공흥리,7,0,1,14
경기도 양평군 양평읍 대흥리,3,0,0,2
경기도 양평군 양평읍 덕평리,3,0,0,2
경기도 양평군 양평읍 도곡리,5,0,0,3
경기도 양평군 양평읍 백안리,8,0,0,5
경기도 양평군 양평읍 봉성리,2,0,0,3
경기도 양평군 양평읍 신애리,2,0,0,0
경기도 양평군 양평읍 양근리,30,1,2,56
경기도 양평군 양평읍 오빈리,5,0,0,7
경기도 양평군 양평읍 원덕리,2,0,1,0
경기도 양평군 양평읍 창대리,6,0,1,1
경기도 양평군 양평읍 회현리,3,0,0,0
경기도 양평군 옥천면 신복리,4,0,0,5
경기도 양평군 옥천면 아신리,6,0,0,8
경기도 양평군 옥천면 옥천리,6,1,1,18
경기도 양평군 옥천면 용천리,4,0,0,4
경기도 양평군 용문면 광탄리,4,0,1,2
경기도 양평군 용문면 금곡리,2,0,0,0
경기도 양평군 용문면 다문리,15,1,1,49
경기도 양평군 용문면 덕촌리,2,0,0,7
경기도 양평군 용문면 마룡리,2,0,0,5
경기도 양평군 용문면 망능리,1,0,0,1
경기도 양평군 용문면 삼성리,5,0,0,1
경기도 양평군 용문면 신점리,2,0,0,12
경기도 양평군 용문면 연수리,4,0,0,3
경기도 양평군 용문면 오촌리,1,0,0,0
경기도 양평군 용문면 조현리,1,1,1,0
경기도 양평군 용문면 중원리,2,0,0,1
경기도 양평군 용문면 화전리,2,0,0,3
경기도 양평군 지평면 곡수리,2,1,1,3
경기도 양평군 지평면 대평리,2,0,0,1
경기도 양평군 지평면 망미리,3,0,0,0
경기도 양평군 지평면 무왕리,3,0,0,0
경기도 양평군 지평면 송현리,3,0,0,1
경기도 양평군 지평면 수곡리,2,0,0,0
경기도 양평군 지평면 옥현리,3,0,0,1
경기도 양평군 지평면 월산리,4,0,0,0
경기도 양평군 지평면 일신리,5,1,0,0
경기도 양평군 지평면 지평리,5,1,1,7
경기도 양평군 청운면 가현리,3,0,0,0
경기도 양평군 청운면 갈운리,6,1,0,1
경기도 양평군 청운면 다대리,3,0,0,0
경기도 양평군 청운면 도원리,1,0,0,0
경기도 양평군 청운면 비룡리,4,0,0,1
경기도 양평군 청운면 삼성리,2,0,0,0
경기도 양평군 청운면 신론리,3,1,0,3
경기도 양평군 청운면 여물리,2,0,0,0
경기도 양평군 청운면 용두리,6,1,1,9
경기도 여주시 가남읍 건장리,1,0,0,0
경기도 여주시 가남읍 금곡리,2,0,0,0
경기도 여주시 가남읍 금당리,4,1,1,0
경기도 여주시 가남읍 대신리,3,0,0,0
경기도 여주시 가남읍 본두리,3,0,0,0
경기도 여주시 가남읍 삼군리,3,0,0,2
경기도 여주시 가남읍 삼승리,1,1,0,0
경기도 여주시 가남읍 상활리,2,0,0,1
경기도 여주시 가남읍 송림리,1,0,1,0
경기도 여주시 가남읍 신해리,6,0,0,4
경기도 여주시 가남읍 심석리,4,0,0,1
경기도 여주시 가남읍 안금리,3,0,0,0
경기도 여주시 가남읍 양귀리,1,0,0,0
경기도 여주시 가남읍 연대리,2,0,0,0
경기도 여주시 가남읍 오산리,1,1,1,11
경기도 여주시 가남읍 은봉리,2,0,0,0
경기도 여주시 가남읍 정단리,1,0,0,0
경기도 여주시 가남읍 태평리,9,1,3,30
경기도 여주시 가남읍 하귀리,1,0,0,0
경기도 여주시 가남읍 화평리,2,0,0,0
경기도 여주시 가업동,1,0,0,0
경기도 여주시 강천면 가야리,2,0,0,0
경기도 여주시 강천면 간매리,2,1,1,1
경기도 여주시 강천면 강천리,2,1,0,2
경기도 여주시 강천면 걸은리,3,0,0,0
경기도 여주시 강천면 굴암리,1,0,0,0
경기도 여주시 강천면 도전리,5,1,1,2
경기도 여주시 강천면 부평리,2,0,0,0
경기도 여주시 강천면 이호리,2,0,0,2
경기도 여주시 강천면 적금리,2,0,0,0
경기도 여주시 교동,7,0,3,7
경기도 여주시 금사면 궁리,2,0,0,0
경기도 여주시 금사면 금사리,2,0,0,0
경기도 여주시 금사면 도곡리,3,0,0,1
경기도 여주시 금사면 상호리,1,0,0,3
경기도 여주시 금사면 소유리,1,0,0,0
경기도 여주시 금사면 외평리,2,0,0,0
경기도 여주시 금사면 이포리,3,1,1,15
경기도 여주시 금사면 장흥리,1,0,0,0
경기도 여주시 금사면 전북리,1,0,0,0
경기도 여주시 금사면 주록리,1,0,0,0
경기도 여주시 금사면 하호리,1,1,0,1
경기도 여주시 능서면 광대리,2,0,0,1
경기도 여주시 능서면 구양리,1,0,0,0
경기도 여주시 능서면 내양리,3,1,0,0
경기도 여주시 능서면 마래리,1,0,1,0
경기도 여주시 능서면 매류리,2,1,0,1
경기도 여주시 능서면 매화리,1,0,0,0
경기도 여주시 능서면 백석리,2,0,1,2
경기도 여주시 능서면 번도리,5,0,0,3
경기도 여주시 능서면 신지리,3,1,1,3
경기도 여주시 능서면 양거리,1,0,0,0
경기도 여주시 능서면 오계리,2,0,0,0
경기도 여주시 능서면 왕대리,2,0,0,5
경기도 여주시 능서면 용은리,2,0,0,0
경기도 여주시 능현동,1,0,1,0
경기도 여주시 단현동,2,0,0,0
경기도 여주시 대신면 가산리,4,0,0,0
경기도 여주시 대신면 계림리,2,0,0,0
경기도 여주시 대신면 당남리,1,0,0,0
경기도 여주시 대신면 당산리,2,0,0,0
경기도 여주시 대신면 도롱리,1,0,0,0
경기도 여주시 대신면 무촌리,1,0,0,0
경기도 여주시 대신면 보통리,3,0,0,0
경기도 여주시 대신면 상구리,2,1,0,0
경기도 여주시 대신면 송촌리,3,1,1,0
경기도 여주시 대신면 양촌리,1,0,0,0
경기도 여주시 대신면 옥촌리,3,0,0,0
경기도 여주시 대신면 윤촌리,1,0,0,0
경기도 여주시 대신면 율촌리,5,1,1,6
경기도 여주시 대신면 장풍리,3,0,0,0
경기도 여주시 대신면 천남리,2,0,1,0
경기도 여주시 대신면 천서리,2,0,0,12
경기도 여주시 대신면 초현리,2,0,0,0
경기도 여주시 대신면 하림리,3,0,0,0
경기도 여주시 대신면 후포리,3,0,0,0
경기도 여주시 매룡동,2,0,0,0
경기도 여주시 멱곡동,3,0,0,0
경기도 여주시 북내면 가정리,2,0,0,0
경기도 여주시 북내면 내룡리,1,0,0,0
경기도 여주시 북내면 당우리,1,1,1,7
경기도 여주시 북내면 덕산리,1,0,0,0
경기도 여주시 북내면 상교리,1,0,0,0
경기도 여주시 북내면 서원리,2,0,0,0
경기도 여주시 북내면 석우리,2,0,0,0
경기도 여주시 북내면 신남리,1,0,0,0
경기도 여주시 북내면 신접리,3,0,0,0
경기도 여주시 북내면 외룡리,1,0,0,0
경기도 여주시 북내면 운촌리,1,0,0,0
경기도 여주시 북내면 장암리,2,0,0,0
경기도 여주시 북내면 주암리,2,1,0,0
경기도 여주시 북내면 중암리,2,0,0,0
경기도 여주시 북내면 지내리,1,0,0,0
경기도 여주시 산북면 명품리,1,0,0,0
경기도 여주시 산북면 백자리,1,0,0,0
경기도 여주시 산북면 상품리,4,1,1,8
경기도 여주시 산북면 송현리,1,0,0,1
경기도 여주시 산북면 용담리,1,0,0,0
경기도 여주시 산북면 주어리,1,0,0,3
경기도 여주시 산북면 후리,1,0,0,0
경기도 여주시 삼교동,2,0,0,0
경기도 여주시 상거동,1,0,0,18
경기도 여주시 상거동 안금리,0,0,0,2
경기도 여주시 상동,2,1,1,16
경기도 여주시 신진동,1,0,0,0
경기도 여주시 연라동,2,0,1,2
경기도 여주시 연양동,2,0,0,4
경기도 여주시 오금동,1,0,0,0
경기도 여주시 오학동,5,0,1,10
경기도 여주시 우만동,1,0,0,1
경기도 여주시 월송동,5,0,3,5
경기도 여주시 점동면 관한리,2,0,0,0
경기도 여주시 점동면 뇌곡리,2,1,0,0
경기도 여주시 점동면 당진리,2,0,0,1
경기도 여주시 점동면 덕평리,2,0,0,0
경기도 여주시 점동면 도리,1,0,0,0
경기도 여주시 점동면 부구리,1,0,0,0
경기도 여주시 점동면 사곡리,2,0,0,2
경기도 여주시 점동면 삼합리,2,0,0,0
경기도 여주시 점동면 성신리,2,0,0,0
경기도 여주시 점동면 원부리,1,0,0,0
경기도 여주시 점동면 장안리,4,1,0,1
경기도 여주시 점동면 처리,1,0,0,0
경기도 여주시 점동면 청안리,2,1,1,6
경기도 여주시 점동면 현수리,2,0,0,0
경기도 여주시 점동면 흔암리,1,0,0,0
경기도 여주시 점봉동,7,0,1,10
경기도 여주시 창동,2,0,1,11
경기도 여주시 천송동,3,0,0,16
경기도 여주시 하거동,1,0,0,1
경기도 여주시 하동,5,0,2,30
경기도 여주시 현암동,8,0,0,19
경기도 여주시 홍문동,8,0,0,23
경기도 여주시 흥천면 계신리,2,0,0,0
경기도 여주시 흥천면 귀백리,1,0,0,0
경기도 여주시 흥천면 내사리,1,0,0,0
경기도 여주시 흥천면 다대리,1,0,0,0
경기도 여주시 흥천면 대당리,2,0,0,0
경기도 여주시 흥천면 문장리,2,0,1,0
경기도 여주시 흥천면 복대리,3,0,0,0
경기도 여주시 흥천면 상대리,2,0,0,0
경기도 여주시 흥천면 상백리,2,0,0,0
경기도 여주시 흥천면 신근리,3,0,0,1
경기도 여주시 흥천면 외사리,3,0,0,1
경기도 여주시 흥천면 율극리,2,0,0,0
경기도 여주시 흥천면 하다리,1,0,0,0
경기도 여주시 흥천면 효지리,3,1,1,4
경기도 연천군 군남면 남계리,3,0,0,0
경기도 연천군 군남면 삼거리,2,1,0,2
경기도 연천군 군남면 선곡리,1,0,0,2
경기도 연천군 군남면 옥계리,3,0,0,2
경기도 연천군 군남면 왕림리,1,0,0,0
경기도 연천군 군남면 진상리,2,0,1,3
경기도 연천군 군남면 황지리,1,0,0,2
경기도 연천군 미산면 동이리,1,0,0,0
경기도 연천군 미산면 마전리,1,1,0,0
경기도 연천군 미산면 백석리,1,0,0,1
경기도 연천군 미산면 삼화리,1,0,0,0
경기도 연천군 미산면 아미리,2,0,0,0
경기도 연천군 미산면 우정리,1,0,1,1
경기도 연천군 미산면 유촌리,1,0,0,0
경기도 연천군 백학면 구미리,1,0,0,0
경기도 연천군 백학면 노곡리,2,1,1,1
경기도 연천군 백학면 두일리,4,1,1,3
경기도 연천군 백학면 두현리,1,0,0,0
경기도 연천군 백학면 백령리,2,0,0,0
경기도 연천군 백학면 석장리,1,0,0,0
경기도 연천군 백학면 전동리,1,0,0,0
경기도 연천군 백학면 통구리,1,0,0,0
경기도 연천군 백학면 학곡리,1,0,0,1
경기도 연천군 신서면 내산리,1,0,0,0
경기도 연천군 신서면 대광리,2,0,0,2
경기도 연천군 신서면 도신리,8,1,1,9
경기도 연천군 연천읍 고문리,2,1,0,0
경기도 연천군 연천읍 동막리,2,0,0,0
경기도 연천군 연천읍 상리,3,1,1,2
경기도 연천군 연천읍 옥산리,3,0,0,2
경기도 연천군 연천읍 와초리,1,0,0,0
경기도 연천군 연천읍 읍내리,1,0,0,0
경기도 연천군 연천읍 차탄리,5,0,1,11
경기도 연천군 연천읍 통현리,2,0,0,0
경기도 연천군 연천읍 현가리,1,0,0,2
경기도 연천군 왕징면 노동리,1,0,0,0
경기도 연천군 왕징면 동중리,1,1,0,0
경기도 연천군 왕징면 무등리,1,1,0,3
경기도 연천군 왕징면 북삼리,1,0,0,0
경기도 연천군 장남면 고랑포리,0,0,0,1
경기도 연천군 장남면 원당리,3,1,0,2
경기도 연천군 장남면 자작리,1,0,0,0
경기도 연천군 전곡읍 간파리,0,1,0,0
경기도 연천군 전곡읍 고능리,1,0,0,1
경기도 연천군 전곡읍 늘목리,1,0,0,0
경기도 연천군 전곡읍 신답리,1,0,0,0
경기도 연천군 전곡읍 양원리,1,1,0,1
경기도 연천군 전곡읍 은대리,4,1,0,2
경기도 연천군 전곡읍 전곡리,9,0,3,70
경기도 연천군 중면 삼곶리,1,0,0,0
경기도 연천군 중면 횡산리,1,1,0,1
경기도 연천군 청산면 궁평리,3,1,1,6
경기도 연천군 청산면 대전리,2,0,0,2
경기도 연천군 청산면 백의리,2,0,1,1
경기도 연천군 청산면 장탄리,2,0,0,0
경기도 연천군 청산면 초성리,4,0,1,4
경기도 오산시 가수동,3,0,2,2
경기도 오산시 가장동,1,0,0,3
경기도 오산시 갈곶동,9,0,2,16
경기도 오산시 고현동,4,0,2,8
경기도 오산시 궐동,11,0,1,43
경기도 오산시 금암동,9,1,5,22
경기도 오산시 내삼미동,8,0,3,10
경기도 오산시 누읍동,4,0,0,4
경기도 오산시 두곡동,1,0,0,0
경기도 오산시 벌음동,0,0,0,3
경기도 오산시 부산동,5,0,4,9
경기도 오산시 서동,4,0,1,2
경기도 오산시 서랑동,1,0,0,0
경기도 오산시 세교동,5,0,2,17
경기도 오산시 수청동,11,0,5,35
경기도 오산시 양산동,4,0,2,10
경기도 오산시 오산동,12,1,4,88
경기도 오산시 외삼미동,2,0,4,19
경기도 오산시 원동,22,0,6,76
경기도 오산시 은계동,5,0,0,7
경기도 오산시 지곶동,2,0,1,4
경기도 오산시 청학동,2,0,2,9
경기도 오산시 청호동,4,0,0,4
경기도 오산시 탑동,1,0,0,0
경기도 용인시 고기동,0,1,0,0
경기도 용인시 고매동,0,1,0,0
경기도 용인시 공세동,0,1,0,0
경기도 용인시 기흥구 고매동,8,0,0,41
경기도 용인시 기흥구 공세동,9,0,5,24
경기도 용인시 기흥구 구갈동,20,0,9,86
경기도 용인시 기흥구 농서동,2,0,0,30
경기도 용인시 기흥구 동백동,21,0,5,39
경기도 용인시 기흥구 마북동,21,0,6,50
경기도 용인시 기흥구 보라동,17,0,3,51
경기도 용인시 기흥구 보정동,18,0,6,101
경기도 용인시 기흥구 상갈동,7,0,2,11
경기도 용인시 기흥구 상하동,14,0,3,19
경기도 용인시 기흥구 서천동,10,0,5,40
경기도 용인시 기흥구 신갈동,26,0,2,56
경기도 용인시 기흥구 언남동,10,0,3,18
경기도 용인시 기흥구 영덕동,21,0,9,53
경기도 용인시 기흥구 중동,20,0,8,95
경기도 용인시 기흥구 지곡동,3,0,3,16
경기도 용인시 기흥구 청덕동,10,0,2,22
경기도 용인시 기흥구 청덕동 오산리,0,0,0,1
경기도 용인시 기흥구 하갈동,3,0,0,10
경기도 용인시 남사읍 봉무리,0,1,0,0
경기도 용인시 남사읍 아곡리,0,1,0,0
경기도 용인시 남사읍 원암리,0,1,0,0
경기도 용인시 동백동,0,0,0,4
경기도 용인시 모현읍 갈담리,0,1,0,0
경기도 용인시 모현읍 능원리,0,0,0,3
경기도 용인시 모현읍 왕산리,0,0,0,4
경기도 용인시 백암면 가창리,0,1,0,0
경기도 용인시 백암면 백봉리,0,1,0,0
경기도 용인시 백암면 백암리,0,1,0,0
경기도 용인시 백암면 장평리,0,1,0,0
경기도 용인시 삼가동,0,1,0,0
경기도 용인시 수지구 고기동,2,0,1,27
경기도 용인시 수지구 동천동,24,0,4,65
경기도 용인시 수지구 상현동,40,0,9,90
경기도 용인시 수지구 성복동,17,0,3,38
경기도 용인시 수지구 신봉동,19,0,8,63
경기도 용인시 수지구 죽전동,53,0,11,98
경기도 용인시 수지구 풍덕천동,38,0,12,97
경기도 용인시 신갈동,0,1,0,0
경기도 용인시 양지면 대대리,0,1,0,0
경기도 용인시 양지면 양지리,0,1,0,0
경기도 용인시 영덕동,0,0,0,7
경기도 용인시 원삼면 고당리,0,1,0,0
경기도 용인시 원삼면 죽능리,0,1,0,0
경기도 용인시 이동읍 서리,0,0,0,1
경기도 용인시 이동읍 송전리,0,1,0,0
경기도 용인시 이동읍 어비리,0,0,0,1
경기도 용인시 이동읍 천리,0,0,0,1
경기도 용인시 중동,0,0,0,8
경기도 용인시 처인구 고림동,20,0,1,26
경기도 용인시 처인구 김량장동,24,0,1,63
경기도 용인시 처인구 남동,6,0,0,16
경기도 용인시 처인구 남사면 봉명리,0,0,0,3
경기도 용인시 처인구 남사면 봉무리,0,0,0,1
경기도 용인시 처인구 남사면 북리,0,0,0,1
경기도 용인시 처인구 남사면 아곡리,0,0,0,6
경기도 용인시 처인구 남사면 완장리,0,0,0,5
경기도 용인시 처인구 남사면 원암리,0,0,0,1
경기도 용인시 처인구 남사면 진목리,0,0,0,2
경기도 용인시 처인구 남사면 창리,0,0,0,3
경기도 용인시 처인구 남사면 통삼리,0,0,0,3
경기도 용인시 처인구 남사읍 방아리,4,0,0,0
경기도 용인시 처인구 남사읍 봉명리,4,0,0,0
경기도 용인시 처인구 남사읍 봉무리,4,0,1,0
경기도 용인시 처인구 남사읍 북리,3,0,0,0
경기도 용인시 처인구 남사읍 아곡리,3,0,1,0
경기도 용인시 처인구 남사읍 완장리,7,0,1,0
경기도 용인시 처인구 남사읍 원암리,3,0,0,0
경기도 용인시 처인구 남사읍 전궁리,2,0,0,0
경기도 용인시 처인구 남사읍 진목리,3,0,1,0
경기도 용인시 처인구 남사읍 창리,3,0,0,0
경기도 용인시 처인구 남사읍 통삼리,4,0,0,0
경기도 용인시 처인구 마평동,16,0,0,23
경기도 용인시 처인구 모현면 갈담리,0,0,0,1
경기도 용인시 처인구 모현면 능원리,0,0,0,13
경기도 용인시 처인구 모현면 동림리,0,0,0,1
경기도 용인시 처인구 모현면 매산리,0,0,0,3
경기도 용인시 처인구 모현면 오산리,0,0,0,4
경기도 용인시 처인구 모현면 왕산리,0,0,0,18
경기도 용인시 처인구 모현면 일산리,0,0,0,3
경기도 용인시 처인구 모현면 초부리,0,0,0,2
경기도 용인시 처인구 모현읍 갈담리,2,0,0,0
경기도 용인시 처인구 모현읍 능원리,4,0,2,3
경기도 용인시 처인구 모현읍 동림리,4,0,0,1
경기도 용인시 처인구 모현읍 매산리,4,0,2,1
경기도 용인시 처인구 모현읍 오산리,2,0,0,3
경기도 용인시 처인구 모현읍 왕산리,10,0,1,1
경기도 용인시 처인구 모현읍 일산리,7,0,0,2
경기도 용인시 처인구 모현읍 초부리,5,0,0,2
경기도 용인시 처인구 백암면 가좌리,2,0,0,2
경기도 용인시 처인구 백암면 가창리,5,0,0,2
경기도 용인시 처인구 백암면 고안리,4,0,0,1
경기도 용인시 처인구 백암면 근곡리,3,0,0,1
경기도 용인시 처인구 백암면 근삼리,7,0,0,2
경기도 용인시 처인구 백암면 근창리,4,0,1,3
경기도 용인시 처인구 백암면 박곡리,5,0,0,2
경기도 용인시 처인구 백암면 백봉리,9,0,1,1
경기도 용인시 처인구 백암면 백암리,4,0,0,18
경기도 용인시 처인구 백암면 석천리,3,0,0,1
경기도 용인시 처인구 백암면 옥산리,4,0,0,0
경기도 용인시 처인구 백암면 용천리,4,0,0,1
경기도 용인시 처인구 백암면 장평리,5,0,1,1
경기도 용인시 처인구 삼가동,11,0,1,20
경기도 용인시 처인구 양지면 남곡리,6,0,0,9
경기도 용인시 처인구 양지면 대대리,4,0,1,11
경기도 용인시 처인구 양지면 송문리,3,0,0,2
경기도 용인시 처인구 양지면 식금리,1,0,0,1
경기도 용인시 처인구 양지면 양지리,10,0,1,33
경기도 용인시 처인구 양지면 정수리,1,0,0,0
경기도 용인시 처인구 양지면 제일리,3,0,1,7
경기도 용인시 처인구 양지면 주북리,6,0,0,10
경기도 용인시 처인구 양지면 추계리,2,0,0,1
경기도 용인시 처인구 양지면 평창리,3,0,0,8
경기도 용인시 처인구 역북동,21,0,4,84
경기도 용인시 처인구 운학동,7,0,2,4
경기도 용인시 처인구 원삼면 고당리,3,0,0,7
경기도 용인시 처인구 원삼면 독성리,3,0,1,2
경기도 용인시 처인구 원삼면 두창리,7,0,0,1
경기도 용인시 처인구 원삼면 맹리,3,0,0,4
경기도 용인시 처인구 원삼면 목신리,4,0,0,1
경기도 용인시 처인구 원삼면 문촌리,2,0,0,1
경기도 용인시 처인구 원삼면 미평리,2,0,0,0
경기도 용인시 처인구 원삼면 사암리,8,0,0,6
경기도 용인시 처인구 원삼면 좌항리,2,0,1,7
경기도 용인시 처인구 원삼면 죽능리,6,0,0,1
경기도 용인시 처인구 원삼면 학일리,2,0,0,1
경기도 용인시 처인구 유방동,12,0,1,16
경기도 용인시 처인구 이동면 덕성리,0,0,0,1
경기도 용인시 처인구 이동면 묵리,0,0,0,1
경기도 용인시 처인구 이동면 송전리,0,0,0,6
경기도 용인시 처인구 이동면 천리,0,0,0,6
경기도 용인시 처인구 이동읍 덕성리,3,0,0,1
경기도 용인시 처인구 이동읍 묘봉리,4,0,0,1
경기도 용인시 처인구 이동읍 묵리,3,0,0,7
경기도 용인시 처인구 이동읍 서리,4,0,0,3
경기도 용인시 처인구 이동읍 송전리,4,0,1,4
경기도 용인시 처인구 이동읍 시미리,3,0,0,0
경기도 용인시 처인구 이동읍 어비리,3,0,0,2
경기도 용인시 처인구 이동읍 천리,11,0,4,5
경기도 용인시 처인구 이동읍 화산리,2,0,1,0
경기도 용인시 처인구 포곡읍 가실리,0,0,0,18
경기도 용인시 처인구 포곡읍 금어리,2,0,0,7
경기도 용인시 처인구 포곡읍 둔전리,14,0,3,28
경기도 용인시 처인구 포곡읍 마성리,3,0,1,5
경기도 용인시 처인구 포곡읍 삼계리,7,0,1,14
경기도 용인시 처인구 포곡읍 신원리,4,0,0,1
경기도 용인시 처인구 포곡읍 영문리,3,0,1,3
경기도 용인시 처인구 포곡읍 유운리,2,0,0,0
경기도 용인시 처인구 포곡읍 전대리,6,0,1,14
경기도 용인시 처인구 해곡동,1,0,0,1
경기도 용인시 처인구 호동,4,0,0,0
경기도 용인시 포곡읍 삼계리,0,1,0,0
경기도 용인시 풍덕천동,0,1,0,0
경기도 용인시 하갈동,0,0,0,2
경기도 의왕시  오전동,1,0,0,0
경기도 의왕시 고천동,3,1,2,14
경기도 의왕시 내손동,18,0,6,65
경기도 의왕시 삼동,16,0,3,35
경기도 의왕시 오전동,30,0,3,41
경기도 의왕시 왕곡동,8,0,1,17
경기도 의왕시 월암동,3,0,0,5
경기도 의왕시 이동,4,0,0,3
경기도 의왕시 청계동,9,1,2,14
경기도 의왕시 초평동,2,0,0,4
경기도 의왕시 포일동,13,0,2,40
경기도 의왕시 학의동,2,0,1,26
경기도 의정부시 가능동,21,0,4,71
경기도 의정부시 고산동,3,0,1,8
경기도 의정부시 금오동,19,0,3,34
경기도 의정부시 낙양동,13,0,1,19
경기도 의정부시 녹양동,18,0,3,25
경기도 의정부시 민락동,22,0,11,122
경기도 의정부시 산곡동,2,0,1,5
경기도 의정부시 신곡동,44,0,13,95
경기도 의정부시 용현동,16,0,5,32
경기도 의정부시 의정부동,16,1,5,207
경기도 의정부시 자일동,2,0,0,1
경기도 의정부시 장암동,11,0,4,21
경기도 의정부시 호원동,50,0,9,66
경기도 이천시 갈산동,12,0,1,21
경기도 이천시 고담동,3,0,0,1
경기도 이천시 관고동,10,0,0,31
경기도 이천시 단월동,2,1,0,0
경기도 이천시 대월면 가좌리,0,0,0,1
경기도 이천시 대월면 구시리,1,0,0,0
경기도 이천시 대월면 군량리,3,1,0,0
경기도 이천시 대월면 대대리,2,0,0,0
경기도 이천시 대월면 대흥리,2,0,0,5
경기도 이천시 대월면 도리리,1,0,0,0
경기도 이천시 대월면 부필리,2,0,0,1
경기도 이천시 대월면 사동리,10,0,0,10
경기도 이천시 대월면 송라리,1,0,0,0
경기도 이천시 대월면 장평리,2,0,0,0
경기도 이천시 대월면 초지리,4,1,0,3
경기도 이천시 대포동,2,0,0,0
경기도 이천시 마장면 각평리,1,0,0,0
경기도 이천시 마장면 관리,4,0,0,1
경기도 이천시 마장면 단천리,0,0,0,4
경기도 이천시 마장면 덕평리,2,0,0,4
경기도 이천시 마장면 목리,1,0,1,15
경기도 이천시 마장면 양촌리,1,0,0,2
경기도 이천시 마장면 오천리,3,0,1,23
경기도 이천시 마장면 이치리,3,0,0,4
경기도 이천시 마장면 이평리,2,0,0,2
경기도 이천시 마장면 작촌리,1,0,0,1
경기도 이천시 마장면 장암리,2,0,0,2
경기도 이천시 마장면 표교리,4,2,0,3
경기도 이천시 마장면 해월리,2,0,0,7
경기도 이천시 마장면 회억리,1,0,0,4
경기도 이천시 모가면 두미리,2,0,0,0
경기도 이천시 모가면 산내리,1,0,0,0
경기도 이천시 모가면 서경리,2,0,0,0
경기도 이천시 모가면 소고리,3,0,0,1
경기도 이천시 모가면 소사리,1,0,0,0
경기도 이천시 모가면 송곡리,2,0,0,1
경기도 이천시 모가면 신갈리,2,0,0,3
경기도 이천시 모가면 양평리,1,0,0,0
경기도 이천시 모가면 어농리,3,1,0,1
경기도 이천시 모가면 원두리,3,0,0,2
경기도 이천시 모가면 진가리,2,1,1,9
경기도 이천시 백사면 경사리,2,0,0,0
경기도 이천시 백사면 내촌리,1,0,0,0
경기도 이천시 백사면 도립리,2,0,0,4
경기도 이천시 백사면 도지리,2,0,0,1
경기도 이천시 백사면 모전리,5,0,1,6
경기도 이천시 백사면 백우리,1,0,0,0
경기도 이천시 백사면 상용리,1,0,0,0
경기도 이천시 백사면 송말리,4,0,1,1
경기도 이천시 백사면 신대리,1,0,0,0
경기도 이천시 백사면 우곡리,1,1,0,0
경기도 이천시 백사면 조읍리,3,0,0,3
경기도 이천시 백사면 현방리,3,1,1,3
경기도 이천시 부발읍 가산리,4,1,2,6
경기도 이천시 부발읍 가좌리,1,0,1,12
경기도 이천시 부발읍 고백리,2,1,0,3
경기도 이천시 부발읍 대관리,1,0,0,0
경기도 이천시 부발읍 마암리,2,0,0,3
경기도 이천시 부발읍 무촌리,5,1,1,3
경기도 이천시 부발읍 산촌리,1,0,1,1
경기도 이천시 부발읍 송온리,1,0,0,2
경기도 이천시 부발읍 수정리,1,0,0,0
경기도 이천시 부발읍 신원리,5,0,0,1
경기도 이천시 부발읍 신하리,10,0,1,9
경기도 이천시 부발읍 아미리,7,0,2,20
경기도 이천시 부발읍 응암리,3,0,0,5
경기도 이천시 부발읍 죽당리,2,0,0,2
경기도 이천시 사음동,4,0,0,9
경기도 이천시 설성면 금당리,3,0,0,7
경기도 이천시 설성면 대죽리,4,0,0,2
경기도 이천시 설성면 상봉리,4,1,0,0
경기도 이천시 설성면 송계리,3,0,0,0
경기도 이천시 설성면 수산리,3,0,0,1
경기도 이천시 설성면 신필리,2,0,0,1
경기도 이천시 설성면 암산리,2,0,0,1
경기도 이천시 설성면 자석리,2,0,0,0
경기도 이천시 설성면 장능리,3,0,0,0
경기도 이천시 설성면 장천리,4,1,1,0
경기도 이천시 설성면 제요리,4,1,0,2
경기도 이천시 설성면 행죽리,2,0,0,0
경기도 이천시 송정동,11,0,4,16
경기도 이천시 신둔면 고척리,3,0,0,6
경기도 이천시 신둔면 남정리,2,0,0,1
경기도 이천시 신둔면 도봉리,3,0,1,0
경기도 이천시 신둔면 도암리,3,1,1,3
경기도 이천시 신둔면 마교리,1,1,0,1
경기도 이천시 신둔면 소정리,1,0,0,0
경기도 이천시 신둔면 수광리,4,0,1,11
경기도 이천시 신둔면 수남리,1,0,0,4
경기도 이천시 신둔면 수하리,3,0,0,3
경기도 이천시 신둔면 용면리,1,0,0,1
경기도 이천시 신둔면 인후리,2,0,0,0
경기도 이천시 신둔면 장동리,3,0,0,0
경기도 이천시 신둔면 지석리,1,0,0,0
경기도 이천시 안흥동,5,0,2,9
경기도 이천시 율면 고당리,4,0,1,6
경기도 이천시 율면 본죽리,1,0,0,0
경기도 이천시 율면 북두리,2,0,0,0
경기도 이천시 율면 산성리,2,0,0,0
경기도 이천시 율면 산양리,2,0,0,0
경기도 이천시 율면 석산리,3,0,0,0
경기도 이천시 율면 신추리,3,0,0,0
경기도 이천시 율면 오성리,2,0,0,0
경기도 이천시 율면 월포리,4,1,0,1
경기도 이천시 율면 총곡리,2,0,0,0
경기도 이천시 율현동,1,0,0,2
경기도 이천시 장록동,1,0,0,1
경기도 이천시 장호원읍 나래리,3,1,1,0
경기도 이천시 장호원읍 노탑리,6,0,0,0
경기도 이천시 장호원읍 대서리,3,0,1,0
경기도 이천시 장호원읍 방추리,2,0,0,0
경기도 이천시 장호원읍 선읍리,3,0,0,0
경기도 이천시 장호원읍 송산리,4,0,0,0
경기도 이천시 장호원읍 어석리,2,0,0,0
경기도 이천시 장호원읍 오남리,4,0,0,2
경기도 이천시 장호원읍 와현리,2,0,0,0
경기도 이천시 장호원읍 이황리,5,0,1,4
경기도 이천시 장호원읍 장호원리,4,0,1,15
경기도 이천시 장호원읍 진암리,11,0,0,6
경기도 이천시 장호원읍 풍계리,4,0,0,0
경기도 이천시 중리동,6,0,2,51
경기도 이천시 증일동,3,0,0,0
경기도 이천시 증포동,18,1,3,25
경기도 이천시 진리동,1,0,0,3
경기도 이천시 창전동,17,0,2,80
경기도 이천시 호법면 단천리,2,0,0,30
경기도 이천시 호법면 동산리,2,0,0,0
경기도 이천시 호법면 매곡리,2,1,1,1
경기도 이천시 호법면 송갈리,2,0,0,0
경기도 이천시 호법면 안평리,3,0,0,3
경기도 이천시 호법면 유산리,5,1,1,3
경기도 이천시 호법면 주미리,1,0,0,0
경기도 이천시 호법면 주박리,1,0,0,0
경기도 이천시 호법면 후안리,3,1,1,3
경기도 파주시 검산동,6,0,1,7
경기도 파주시 광탄면 기산리,1,0,0,8
경기도 파주시 광탄면 마장리,4,0,0,4
경기도 파주시 광탄면 발랑리,2,0,0,0
경기도 파주시 광탄면 방축리,3,0,0,2
경기도 파주시 광탄면 분수리,3,0,0,1
경기도 파주시 광탄면 신산리,7,0,1,17
경기도 파주시 광탄면 영장리,3,1,0,9
경기도 파주시 광탄면 용미리,4,0,1,1
경기도 파주시 광탄면 창만리,4,0,0,0
경기도 파주시 교하동,1,0,1,3
경기도 파주시 군내면 백연리,1,1,0,0
경기도 파주시 군내면 조산리,1,0,1,0
경기도 파주시 금릉동,6,0,0,14
경기도 파주시 금촌동,36,1,8,131
경기도 파주시 다율동,2,0,1,11
경기도 파주시 당하동,2,0,1,3
경기도 파주시 동패동,15,0,9,79
경기도 파주시 맥금동,3,0,0,1
경기도 파주시 목동동,15,1,8,85
경기도 파주시 문발동,4,0,1,97
경기도 파주시 문산읍 내포리,5,0,1,9
경기도 파주시 문산읍 당동리,12,0,2,32
경기도 파주시 문산읍 마정리,4,0,1,7
경기도 파주시 문산읍 문산리,12,1,2,43
경기도 파주시 문산읍 사목리,3,0,0,2
경기도 파주시 문산읍 선유리,15,0,3,16
경기도 파주시 문산읍 운천리,4,0,0,1
경기도 파주시 문산읍 이천리,3,0,1,0
경기도 파주시 문산읍 임진리,1,0,0,0
경기도 파주시 문산읍 장산리,2,0,0,0
경기도 파주시 법원읍 가야리,5,0,0,1
경기도 파주시 법원읍 갈곡리,1,0,0,0
경기도 파주시 법원읍 금곡리,2,0,0,0
경기도 파주시 법원읍 대능리,2,0,1,5
경기도 파주시 법원읍 동문리,2,0,0,2
경기도 파주시 법원읍 법원리,5,0,1,8
경기도 파주시 법원읍 삼방리,2,0,0,2
경기도 파주시 법원읍 웅담리,3,1,1,0
경기도 파주시 법원읍 직천리,1,0,0,0
경기도 파주시 산남동,1,0,0,5
경기도 파주시 상지석동,3,0,0,13
경기도 파주시 서패동,0,0,1,22
경기도 파주시 송촌동,1,0,1,1
경기도 파주시 신촌동,1,0,0,17
경기도 파주시 아동동,11,0,2,16
경기도 파주시 야당동,12,1,7,74
경기도 파주시 야동동,3,0,1,3
경기도 파주시 연다산동,2,0,0,2
경기도 파주시 오도동,3,0,0,8
경기도 파주시 와동동,12,0,8,81
경기도 파주시 월롱면 능산리,2,0,0,2
경기도 파주시 월롱면 덕은리,5,0,1,11
경기도 파주시 월롱면 도내리,4,0,0,0
경기도 파주시 월롱면 영태리,6,0,0,3
경기도 파주시 월롱면 위전리,4,1,0,7
경기도 파주시 장단면 점원리,0,0,0,1
경기도 파주시 적성면 가월리,2,0,0,0
경기도 파주시 적성면 객현리,2,0,0,1
경기도 파주시 적성면 구읍리,3,0,0,9
경기도 파주시 적성면 마지리,3,1,1,11
경기도 파주시 적성면 설마리,1,0,0,3
경기도 파주시 적성면 식현리,4,0,1,0
경기도 파주시 적성면 어유지리,2,1,0,3
경기도 파주시 적성면 율포리,1,0,0,0
경기도 파주시 적성면 자장리,1,0,0,1
경기도 파주시 적성면 장현리,2,0,0,1
경기도 파주시 적성면 적암리,1,0,0,0
경기도 파주시 적성면 주월리,1,0,0,0
경기도 파주시 조리읍 뇌조리,3,0,1,1
경기도 파주시 조리읍 능안리,1,0,1,1
경기도 파주시 조리읍 대원리,5,0,4,9
경기도 파주시 조리읍 등원리,2,0,0,0
경기도 파주시 조리읍 봉일천리,18,0,1,26
경기도 파주시 조리읍 오산리,2,0,0,4
경기도 파주시 조리읍 장곡리,3,0,0,5
경기도 파주시 진동면 동파리,1,0,0,0
경기도 파주시 탄현면 갈현리,3,0,1,8
경기도 파주시 탄현면 금산리,1,0,0,0
경기도 파주시 탄현면 금승리,1,0,1,7
경기도 파주시 탄현면 낙하리,1,0,0,3
경기도 파주시 탄현면 대동리,1,0,0,10
경기도 파주시 탄현면 만우리,1,0,0,2
경기도 파주시 탄현면 문지리,1,1,0,1
경기도 파주시 탄현면 법흥리,6,0,1,119
경기도 파주시 탄현면 성동리,1,0,0,25
경기도 파주시 탄현면 오금리,2,0,0,0
경기도 파주시 탄현면 축현리,3,1,1,4
경기도 파주시 파주읍 백석리,5,0,0,1
경기도 파주시 파주읍 봉서리,3,0,1,6
경기도 파주시 파주읍 봉암리,5,0,0,2
경기도 파주시 파주읍 부곡리,3,0,0,3
경기도 파주시 파주읍 연풍리,6,0,1,7
경기도 파주시 파주읍 파주리,7,0,1,5
경기도 파주시 파주읍 향양리,3,0,0,0
경기도 파주시 파평면 금파리,3,1,0,0
경기도 파주시 파평면 눌노리,2,0,1,1
경기도 파주시 파평면 덕천리,2,0,0,3
경기도 파주시 파평면 두포리,3,1,1,1
경기도 파주시 파평면 마산리,3,0,0,0
경기도 파주시 파평면 율곡리,4,0,0,2
경기도 파주시 파평면 장파리,3,0,1,3
경기도 파주시 하지석동,1,0,0,2
경기도 평택시 가재동,4,0,1,3
경기도 평택시 고덕면 궁리,4,0,0,6
경기도 평택시 고덕면 당현리,3,0,0,0
경기도 평택시 고덕면 동고리,2,0,0,0
경기도 평택시 고덕면 동청리,3,1,0,1
경기도 평택시 고덕면 두릉리,2,0,0,4
경기도 평택시 고덕면 문곡리,5,0,0,0
경기도 평택시 고덕면 방축리,3,0,1,2
경기도 평택시 고덕면 여염리,0,0,2,41
경기도 평택시 고덕면 좌교리,0,1,0,0
경기도 평택시 고덕면 해창리,3,0,0,0
경기도 평택시 군문동,3,0,2,1
경기도 평택시 도일동,5,0,0,6
경기도 평택시 독곡동,8,0,0,7
경기도 평택시 동삭동,12,0,4,20
경기도 평택시 모곡동,1,0,0,4
경기도 평택시 비전동,44,1,13,141
경기도 평택시 서정동,19,1,6,71
경기도 평택시 서탄면 금각리,1,1,0,0
경기도 평택시 서탄면 금암리,3,1,1,3
경기도 평택시 서탄면 내천리,2,0,0,0
경기도 평택시 서탄면 마두리,2,0,0,0
경기도 평택시 서탄면 사리,1,0,0,0
경기도 평택시 서탄면 수월암리,2,0,1,3
경기도 평택시 서탄면 장등리,2,0,0,1
경기도 평택시 서탄면 적봉리,1,0,0,0
경기도 평택시 서탄면 회화리,1,0,0,0
경기도 평택시 세교동,15,0,4,21
경기도 평택시 소사동,2,0,1,7
경기도 평택시 신대동,4,0,0,3
경기도 평택시 신장동,6,0,1,34
경기도 평택시 안중읍 금곡리,4,0,0,1
경기도 평택시 안중읍 대반리,5,0,0,1
경기도 평택시 안중읍 덕우리,2,0,0,0
경기도 평택시 안중읍 삼정리,2,0,1,1
경기도 평택시 안중읍 성해리,2,0,1,0
경기도 평택시 안중읍 송담리,5,0,0,21
경기도 평택시 안중읍 안중리,5,0,2,40
경기도 평택시 안중읍 용성리,3,0,0,1
경기도 평택시 안중읍 학현리,2,0,1,1
경기도 평택시 안중읍 현화리,17,1,4,32
경기도 평택시 오성면 교포리,3,0,0,0
경기도 평택시 오성면 길음리,3,0,0,3
경기도 평택시 오성면 당거리,2,0,0,4
경기도 평택시 오성면 숙성리,7,1,0,10
경기도 평택시 오성면 신리,4,0,1,0
경기도 평택시 오성면 안화리,2,0,0,0
경기도 평택시 오성면 양교리,6,0,0,1
경기도 평택시 오성면 죽리,5,0,1,0
경기도 평택시 오성면 창내리,4,0,0,1
경기도 평택시 용이동,17,0,5,67
경기도 평택시 월곡동,2,0,0,1
경기도 평택시 유천동,3,0,0,3
경기도 평택시 이충동,16,0,8,27
경기도 평택시 장당동,7,0,1,8
경기도 평택시 장안동,2,0,0,8
경기도 평택시 죽백동,6,0,3,19
경기도 평택시 지산동,19,0,7,39
경기도 평택시 지제동,3,0,0,9
경기도 평택시 진위면 가곡리,7,0,0,0
경기도 평택시 진위면 갈곶리,1,0,1,5
경기도 평택시 진위면 견산리,5,0,1,0
경기도 평택시 진위면 동천리,2,1,0,4
경기도 평택시 진위면 마산리,4,0,0,0
경기도 평택시 진위면 봉남리,2,1,1,3
경기도 평택시 진위면 신리,1,0,0,0
경기도 평택시 진위면 야막리,1,0,0,0
경기도 평택시 진위면 은산리,4,1,1,0
경기도 평택시 진위면 청호리,0,0,0,1
경기도 평택시 진위면 하북리,4,0,0,0
경기도 평택시 청룡동,1,0,2,1
경기도 평택시 청북읍 고렴리,2,0,0,0
경기도 평택시 청북읍 고잔리,8,0,0,0
경기도 평택시 청북읍 백봉리,2,0,0,0
경기도 평택시 청북읍 삼계리,5,0,1,0
경기도 평택시 청북읍 어소리,2,0,0,0
경기도 평택시 청북읍 어연리,2,1,0,3
경기도 평택시 청북읍 옥길리,12,0,7,10
경기도 평택시 청북읍 율북리,5,0,0,0
경기도 평택시 청북읍 토진리,3,0,0,0
경기도 평택시 청북읍 한산리,3,0,0,0
경기도 평택시 청북읍 현곡리,3,1,1,7
경기도 평택시 청북읍 후사리,2,0,0,1
경기도 평택시 칠괴동,2,0,0,2
경기도 평택시 칠원동,4,0,1,6
경기도 평택시 통복동,9,0,2,17
경기도 평택시 팽성읍 객사리,6,0,2,12
경기도 평택시 팽성읍 근내리,1,0,0,0
경기도 평택시 팽성읍 남산리,5,1,0,8
경기도 평택시 팽성읍 내리,1,0,0,0
경기도 평택시 팽성읍 노성리,2,0,0,1
경기도 평택시 팽성읍 노양리,2,0,1,2
경기도 평택시 팽성읍 노와리,3,0,0,0
경기도 평택시 팽성읍 대사리,2,0,0,0
경기도 평택시 팽성읍 동창리,1,0,0,1
경기도 평택시 팽성읍 두리,2,0,0,1
경기도 평택시 팽성읍 두정리,3,1,0,0
경기도 평택시 팽성읍 본정리,2,0,0,1
경기도 평택시 팽성읍 석근리,1,0,0,0
경기도 평택시 팽성읍 석봉리,1,0,0,0
경기도 평택시 팽성읍 송화리,7,0,2,6
경기도 평택시 팽성읍 신궁리,3,0,0,0
경기도 평택시 팽성읍 신대리,4,0,0,0
경기도 평택시 팽성읍 신호리,1,0,0,0
경기도 평택시 팽성읍 안정리,7,0,0,14
경기도 평택시 팽성읍 원정리,1,1,0,2
경기도 평택시 팽성읍 추팔리,2,0,0,1
경기도 평택시 팽성읍 평궁리,2,0,0,0
경기도 평택시 팽성읍 함정리,2,0,0,0
경기도 평택시 평택동,6,0,1,76
경기도 평택시 포승읍 내기리,5,0,1,1
경기도 평택시 포승읍 도곡리,9,1,2,27
경기도 평택시 포승읍 만호리,5,0,0,15
경기도 평택시 포승읍 방림리,5,1,0,2
경기도 평택시 포승읍 석정리,6,0,0,5
경기도 평택시 포승읍 신영리,4,1,0,0
경기도 평택시 포승읍 원정리,9,1,2,10
경기도 평택시 포승읍 홍원리,7,0,1,0
경기도 평택시 포승읍 희곡리,1,0,0,0
경기도 평택시 합정동,12,0,2,37
경기도 평택시 현덕면 권관리,3,0,1,4
경기도 평택시 현덕면 기산리,4,0,0,0
경기도 평택시 현덕면 대안리,4,0,1,1
경기도 평택시 현덕면 덕목리,6,1,0,0
경기도 평택시 현덕면 도대리,4,0,0,0
경기도 평택시 현덕면 방축리,2,0,0,0
경기도 평택시 현덕면 신왕리,2,0,0,1
경기도 평택시 현덕면 운정리,2,0,0,0
경기도 평택시 현덕면 인광리,4,1,1,2
경기도 평택시 현덕면 장수리,1,1,0,0
경기도 평택시 현덕면 화양리,0,0,0,3
경기도 평택시 현덕면 황산리,2,0,0,0
경기도 포천시 가산면 가산리,3,0,0,1
경기도 포천시 가산면 감암리,2,0,0,1
경기도 포천시 가산면 금현리,5,0,0,0
경기도 포천시 가산면 마산리,3,1,1,7
경기도 포천시 가산면 마전리,3,0,0,0
경기도 포천시 가산면 방축리,3,0,0,2
경기도 포천시 가산면 우금리,2,0,0,2
경기도 포천시 가산면 정교리,2,1,0,0
경기도 포천시 관인면 냉정리,2,0,0,0
경기도 포천시 관인면 사정리,1,0,0,1
경기도 포천시 관인면 삼율리,1,0,0,0
경기도 포천시 관인면 중리,3,1,1,1
경기도 포천시 관인면 초과리,3,0,0,0
경기도 포천시 관인면 탄동리,2,1,1,6
경기도 포천시 군내면 구읍리,5,1,1,8
경기도 포천시 군내면 명산리,1,0,0,1
경기도 포천시 군내면 상성북리,2,0,0,0
경기도 포천시 군내면 용정리,4,0,0,1
경기도 포천시 군내면 유교리,3,0,0,0
경기도 포천시 군내면 좌의리,3,0,0,1
경기도 포천시 군내면 직두리,3,0,1,0
경기도 포천시 군내면 하성북리,4,0,0,2
경기도 포천시 내촌면 내리,6,1,0,8
경기도 포천시 내촌면 마명리,2,0,0,1
경기도 포천시 내촌면 소학리,3,0,0,9
경기도 포천시 내촌면 신팔리,2,0,0,0
경기도 포천시 내촌면 음현리,4,0,0,2
경기도 포천시 내촌면 진목리,4,0,0,0
경기도 포천시 동교동,4,0,0,3
경기도 포천시 선단동,9,1,4,19
경기도 포천시 설운동,3,0,0,1
경기도 포천시 소흘읍 고모리,3,0,0,15
경기도 포천시 소흘읍 무림리,2,0,0,0
경기도 포천시 소흘읍 무봉리,3,0,0,1
경기도 포천시 소흘읍 송우리,15,1,2,81
경기도 포천시 소흘읍 이가팔리,2,0,0,4
경기도 포천시 소흘읍 이곡리,2,1,2,6
경기도 포천시 소흘읍 이동교리,5,0,2,16
경기도 포천시 소흘읍 직동리,3,0,0,30
경기도 포천시 소흘읍 초가팔리,3,0,0,2
경기도 포천시 신북면 가채리,5,0,1,3
경기도 포천시 신북면 갈월리,2,0,0,1
경기도 포천시 신북면 계류리,2,0,1,0
경기도 포천시 신북면 고일리,2,0,0,0
경기도 포천시 신북면 금동리,2,0,0,1
경기도 포천시 신북면 기지리,5,1,0,4
경기도 포천시 신북면 덕둔리,2,1,0,1
경기도 포천시 신북면 만세교리,2,0,0,0
경기도 포천시 신북면 삼성당리,2,0,0,0
경기도 포천시 신북면 삼정리,2,0,0,0
경기도 포천시 신북면 신평리,3,0,1,0
경기도 포천시 신북면 심곡리,3,0,0,6
경기도 포천시 신읍동,20,1,1,72
경기도 포천시 어룡동,3,0,0,4
경기도 포천시 영북면 대회산리,1,0,0,0
경기도 포천시 영북면 문암리,2,0,0,1
경기도 포천시 영북면 산정리,1,0,0,9
경기도 포천시 영북면 소회산리,1,0,0,0
경기도 포천시 영북면 야미리,2,1,0,0
경기도 포천시 영북면 운천리,10,1,1,12
경기도 포천시 영북면 자일리,4,0,0,0
경기도 포천시 영중면 거사리,3,0,0,1
경기도 포천시 영중면 금주리,5,0,1,1
경기도 포천시 영중면 성동리,4,0,0,4
경기도 포천시 영중면 양문리,3,1,0,8
경기도 포천시 영중면 영송리,1,0,0,0
경기도 포천시 영중면 영평리,2,0,1,0
경기도 포천시 이동면 노곡리,5,0,1,1
경기도 포천시 이동면 도평리,4,1,1,5
경기도 포천시 이동면 연곡리,5,0,0,3
경기도 포천시 이동면 장암리,5,1,0,6
경기도 포천시 일동면 기산리,10,1,1,24
경기도 포천시 일동면 길명리,3,1,0,0
경기도 포천시 일동면 사직리,4,0,0,3
경기도 포천시 일동면 수입리,4,0,0,2
경기도 포천시 일동면 유동리,2,0,0,0
경기도 포천시 일동면 화대리,4,0,1,0
경기도 포천시 자작동,1,0,0,1
경기도 포천시 창수면 가양리,2,0,0,0
경기도 포천시 창수면 고소성리,1,0,0,0
경기도 포천시 창수면 오가리,3,1,0,0
경기도 포천시 창수면 운산리,1,0,0,0
경기도 포천시 창수면 주원리,5,1,0,0
경기도 포천시 창수면 추동리,3,0,1,1
경기도 포천시 화현면 명덕리,3,0,0,1
경기도 포천시 화현면 지현리,4,2,0,0
경기도 포천시 화현면 화현리,6,0,0,4
경기도 하남시 감북동,7,0,0,12
경기도 하남시 감이동,1,0,4,3
경기도 하남시 감일동,2,0,2,7
경기도 하남시 광암동,2,0,0,2
경기도 하남시 교산동,1,0,0,1
경기도 하남시 덕풍동,36,0,6,93
경기도 하남시 망월동,15,0,7,132
경기도 하남시 미사동,3,0,0,11
경기도 하남시 배알미동,1,0,0,0
경기도 하남시 상사창동,3,0,0,2
경기도 하남시 상산곡동,2,0,0,4
경기도 하남시 선동,7,0,1,0
경기도 하남시 신장동,23,1,6,97
경기도 하남시 창우동,6,0,3,27
경기도 하남시 천현동,3,0,0,7
경기도 하남시 초이동,3,0,0,5
경기도 하남시 초일동,2,0,0,1
경기도 하남시 춘궁동,4,0,1,13
경기도 하남시 풍산동,14,0,4,48
경기도 하남시 하사창동,2,0,1,1
경기도 하남시 하산곡동,5,0,1,7
경기도 하남시 학암동,4,0,4,16
경기도 하남시 항동,2,0,0,1
경기도 화성시 금곡동,2,0,0,0
경기도 화성시 기산동,5,0,1,5
경기도 화성시 기안동,7,0,3,15
경기도 화성시 남양읍 남양리,19,1,5,61
경기도 화성시 남양읍 무송리,3,0,0,1
경기도 화성시 남양읍 문호리,2,0,0,0
경기도 화성시 남양읍 북양리,1,0,0,0
경기도 화성시 남양읍 송림리,2,0,0,0
경기도 화성시 남양읍 수화리,2,0,0,0
경기도 화성시 남양읍 시리,2,0,0,0
경기도 화성시 남양읍 신남리,6,0,0,3
경기도 화성시 남양읍 신외리,3,0,0,0
경기도 화성시 남양읍 안석리,3,1,0,0
경기도 화성시 남양읍 온석리,2,0,0,1
경기도 화성시 남양읍 원천리,1,0,0,0
경기도 화성시 남양읍 장덕리,3,0,0,3
경기도 화성시 남양읍 장전리,1,0,0,0
경기도 화성시 남양읍 활초리,1,0,0,0
경기도 화성시 능동,19,0,8,74
경기도 화성시 동탄면,0,0,0,16
경기도 화성시 마도면 고모리,1,0,0,0
경기도 화성시 마도면 금당리,2,0,0,1
경기도 화성시 마도면 두곡리,2,0,0,5
경기도 화성시 마도면 백곡리,2,0,0,0
경기도 화성시 마도면 석교리,3,1,1,5
경기도 화성시 마도면 송정리,2,0,0,1
경기도 화성시 마도면 슬항리,3,0,0,2
경기도 화성시 마도면 쌍송리,2,0,0,3
경기도 화성시 마도면 청원리,3,0,1,3
경기도 화성시 마도면 해문리,2,0,0,0
경기도 화성시 매송면 송라리,2,0,1,1
경기도 화성시 매송면 숙곡리,1,0,0,0
경기도 화성시 매송면 야목리,5,0,0,5
경기도 화성시 매송면 어천리,2,1,0,5
경기도 화성시 매송면 원리,1,0,0,0
경기도 화성시 매송면 원평리,4,0,1,1
경기도 화성시 매송면 천천리,3,0,0,1
경기도 화성시 목동,8,0,7,7
경기도 화성시 반송동,28,0,13,198
경기도 화성시 반월동,13,0,6,51
경기도 화성시 반정동,2,0,0,19
경기도 화성시 방교동,1,0,0,6
경기도 화성시 배양동,3,0,2,0
경기도 화성시 병점동,30,1,13,47
경기도 화성시 봉담읍 내리,1,0,0,1
경기도 화성시 봉담읍 당하리,2,0,0,1
경기도 화성시 봉담읍 덕리,1,0,0,1
경기도 화성시 봉담읍 덕우리,1,0,0,0
경기도 화성시 봉담읍 동화리,12,1,5,39
경기도 화성시 봉담읍 마하리,1,0,0,0
경기도 화성시 봉담읍 분천리,2,0,1,0
경기도 화성시 봉담읍 상기리,2,0,0,3
경기도 화성시 봉담읍 상리,6,0,3,24
경기도 화성시 봉담읍 세곡리,1,0,0,0
경기도 화성시 봉담읍 수기리,1,0,1,3
경기도 화성시 봉담읍 수영리,9,0,3,10
경기도 화성시 봉담읍 와우리,13,0,1,31
경기도 화성시 봉담읍 왕림리,2,0,0,4
경기도 화성시 봉담읍 유리,2,0,1,2
경기도 화성시 봉담읍 하가등리,1,0,0,1
경기도 화성시 비봉면 구포리,3,0,0,0
경기도 화성시 비봉면 남전리,2,0,0,0
경기도 화성시 비봉면 삼화리,4,0,1,2
경기도 화성시 비봉면 쌍학리,4,0,0,0
경기도 화성시 비봉면 양노리,4,1,0,8
경기도 화성시 비봉면 유포리,2,1,0,3
경기도 화성시 비봉면 자안리,2,1,0,3
경기도 화성시 비봉면 청요리,3,0,1,1
경기도 화성시 산척동,6,0,9,24
경기도 화성시 새솔동,5,0,4,6
경기도 화성시 서신면 광평리,1,0,0,0
경기도 화성시 서신면 궁평리,2,0,1,11
경기도 화성시 서신면 매화리,4,1,1,6
경기도 화성시 서신면 백미리,1,1,0,1
경기도 화성시 서신면 사곳리,1,0,0,0
경기도 화성시 서신면 상안리,2,0,0,2
경기도 화성시 서신면 송교리,1,0,0,7
경기도 화성시 서신면 용두리,2,0,0,0
경기도 화성시 서신면 장외리,1,0,0,0
경기도 화성시 서신면 전곡리,3,0,0,7
경기도 화성시 서신면 제부리,1,1,0,25
경기도 화성시 서신면 홍법리,1,0,0,0
경기도 화성시 석우동,4,1,2,65
경기도 화성시 송동,2,1,2,24
경기도 화성시 송산동,9,0,2,16
경기도 화성시 송산면 고정리,3,0,1,2
경기도 화성시 송산면 고포리,4,0,0,1
경기도 화성시 송산면 독지리,2,0,0,0
경기도 화성시 송산면 마산리,2,0,1,0
경기도 화성시 송산면 봉가리,2,0,0,4
경기도 화성시 송산면 사강리,6,1,1,38
경기도 화성시 송산면 삼존리,2,0,0,2
경기도 화성시 송산면 신천리,1,1,0,0
경기도 화성시 송산면 쌍정리,2,0,0,2
경기도 화성시 송산면 용포리,2,0,0,0
경기도 화성시 송산면 육일리,3,0,0,3
경기도 화성시 송산면 중송리,2,0,0,0
경기도 화성시 송산면 지화리,2,0,0,1
경기도 화성시 송산면 천등리,3,0,0,0
경기도 화성시 송산면 칠곡리,1,0,0,0
경기도 화성시 안녕동,10,0,2,21
경기도 화성시 양감면 대양리,4,0,0,0
경기도 화성시 양감면 사창리,5,1,1,0
경기도 화성시 양감면 송산리,4,0,0,4
경기도 화성시 양감면 신왕리,4,1,0,4
경기도 화성시 양감면 요당리,2,0,0,0
경기도 화성시 양감면 용소리,3,0,0,1
경기도 화성시 양감면 정문리,2,0,0,2
경기도 화성시 영천동,13,0,11,84
경기도 화성시 오산동,5,0,5,30
경기도 화성시 우정읍 국화리,1,0,0,0
경기도 화성시 우정읍 매향리,4,1,0,2
경기도 화성시 우정읍 멱우리,2,0,0,0
경기도 화성시 우정읍 석천리,4,0,1,0
경기도 화성시 우정읍 운평리,4,0,0,0
경기도 화성시 우정읍 원안리,3,0,0,0
경기도 화성시 우정읍 이화리,5,0,0,2
경기도 화성시 우정읍 조암리,7,1,2,48
경기도 화성시 우정읍 주곡리,4,0,0,2
경기도 화성시 우정읍 한각리,1,0,0,0
경기도 화성시 우정읍 호곡리,3,0,0,0
경기도 화성시 우정읍 화산리,5,0,0,4
경기도 화성시 우정읍 화수리,5,0,1,0
경기도 화성시 장안면 금의리,3,0,0,1
경기도 화성시 장안면 노진리,5,0,1,0
경기도 화성시 장안면 덕다리,3,0,0,0
경기도 화성시 장안면 독정리,5,1,0,4
경기도 화성시 장안면 사곡리,6,0,0,1
경기도 화성시 장안면 사랑리,2,0,0,0
경기도 화성시 장안면 석포리,5,0,0,1
경기도 화성시 장안면 수촌리,4,0,0,3
경기도 화성시 장안면 어은리,3,0,1,2
경기도 화성시 장안면 장안리,8,0,0,2
경기도 화성시 장지동,5,0,6,9
경기도 화성시 정남면 계향리,2,0,0,0
경기도 화성시 정남면 고지리,1,0,0,0
경기도 화성시 정남면 관항리,2,0,0,0
경기도 화성시 정남면 괘랑리,3,0,0,4
경기도 화성시 정남면 귀래리,1,0,0,1
경기도 화성시 정남면 금복리,1,0,0,0
경기도 화성시 정남면 내리,0,0,0,2
경기도 화성시 정남면 덕절리,4,0,0,2
경기도 화성시 정남면 망월리,1,1,1,1
경기도 화성시 정남면 문학리,4,1,0,1
경기도 화성시 정남면 발산리,4,0,1,5
경기도 화성시 정남면 백리,2,0,0,0
경기도 화성시 정남면 보통리,3,0,0,16
경기도 화성시 정남면 신리,2,1,0,3
경기도 화성시 정남면 오일리,1,0,0,0
경기도 화성시 정남면 용수리,1,0,0,0
경기도 화성시 정남면 음양리,2,0,0,1
경기도 화성시 정남면 제기리,2,0,0,2
경기도 화성시 중동,1,0,1,3
경기도 화성시 진안동,12,0,4,38
경기도 화성시 청계동,16,0,12,17
경기도 화성시 팔탄면 가재리,5,0,1,2
경기도 화성시 팔탄면 고주리,1,0,0,1
경기도 화성시 팔탄면 구장리,3,1,1,12
경기도 화성시 팔탄면 기천리,3,1,0,2
경기도 화성시 팔탄면 노하리,3,0,1,0
경기도 화성시 팔탄면 덕우리,1,0,0,2
경기도 화성시 팔탄면 덕천리,1,0,0,5
경기도 화성시 팔탄면 매곡리,1,0,0,4
경기도 화성시 팔탄면 서근리,1,1,0,6
경기도 화성시 팔탄면 월문리,1,0,1,1
경기도 화성시 팔탄면 율암리,3,0,0,5
경기도 화성시 팔탄면 지월리,1,0,0,0
경기도 화성시 팔탄면 창곡리,3,0,0,3
경기도 화성시 팔탄면 하저리,3,0,0,1
경기도 화성시 팔탄면 해창리,2,0,0,2
경기도 화성시 팔탄면 화당리,1,0,0,0
경기도 화성시 향남읍 갈천리,1,0,0,0
경기도 화성시 향남읍 관리,1,0,0,0
경기도 화성시 향남읍 구문천리,5,0,0,3
경기도 화성시 향남읍 길성리,1,0,0,0
경기도 화성시 향남읍 도이리,2,0,0,3
경기도 화성시 향남읍 동오리,1,0,1,4
경기도 화성시 향남읍 발안리,4,1,1,11
경기도 화성시 향남읍 백토리,2,0,1,0
경기도 화성시 향남읍 상두리,2,0,0,0
경기도 화성시 향남읍 상신리,6,0,4,7
경기도 화성시 향남읍 송곡리,1,0,0,0
경기도 화성시 향남읍 수직리,2,0,0,0
경기도 화성시 향남읍 요리,1,0,0,0
경기도 화성시 향남읍 장짐리,3,0,0,5
경기도 화성시 향남읍 제암리,1,0,0,0
경기도 화성시 향남읍 증거리,1,0,0,0
경기도 화성시 향남읍 평리,2,0,0,43
경기도 화성시 향남읍 하길리,10,0,4,40
경기도 화성시 향남읍 행정리,15,0,5,47
경기도 화성시 향남읍 화리현리,2,0,0,0
경기도 화성시 황계동,2,0,0,0
서울특별시 강남구 개포동,24,0,4,78
서울특별시 강남구 논현동,10,0,3,330
서울특별시 강남구 대치동,30,0,4,291
서울특별시 강남구 도곡동,19,0,3,131
서울특별시 강남구 삼성동,25,1,1,309
서울특별시 강남구 세곡동,10,0,4,19
서울특별시 강남구 수서동,9,0,4,46
서울특별시 강남구 신사동,6,0,1,349
서울특별시 강남구 압구정동,8,0,1,26
서울특별시 강남구 역삼동,26,0,1,594
서울특별시 강남구 율현동,4,0,0,7
서울특별시 강남구 일원동,20,0,3,35
서울특별시 강남구 자곡동,11,0,2,18
서울특별시 강남구 청담동,16,0,3,152
서울특별시 강동구 강일동,14,1,3,8
서울특별시 강동구 고덕동,13,0,3,39
서울특별시 강동구 길동,13,0,5,72
서울특별시 강동구 둔촌동,16,0,2,48
서울특별시 강동구 명일동,13,0,5,91
서울특별시 강동구 상일동,9,0,6,57
서울특별시 강동구 성내동,17,1,2,212
서울특별시 강동구 암사동,24,0,3,99
서울특별시 강동구 천호동,23,0,4,162
서울특별시 강북구 미아동,47,0,7,143
서울특별시 강북구 번동,30,1,3,40
서울특별시 강북구 수유동,26,0,8,119
서울특별시 강북구 우이동,3,0,0,22
서울특별시 강서구 가양동,29,0,9,54
서울특별시 강서구 개화동,3,0,0,4
서울특별시 강서구 공항동,8,0,2,45
서울특별시 강서구 과해동,0,0,0,1
서울특별시 강서구 내발산동,13,0,5,83
서울특별시 강서구 등촌동,40,0,8,145
서울특별시 강서구 마곡동,16,0,4,288
서울특별시 강서구 방화동,47,0,9,111
서울특별시 강서구 염창동,35,1,1,56
서울특별시 강서구 오곡동,1,0,0,0
서울특별시 강서구 오쇠동,0,0,0,1
서울특별시 강서구 외발산동,2,0,0,2
서울특별시 강서구 화곡동,45,0,14,267
서울특별시 관악구 남현동,4,0,2,31
서울특별시 관악구 봉천동,52,2,17,362
서울특별시 관악구 신림동,58,0,13,345
서울특별시 광진구 광장동,20,0,5,73
서울특별시 광진구 구의동,16,0,5,157
서울특별시 광진구 군자동,4,0,2,62
서울특별시 광진구 능동,1,0,2,32
서울특별시 광진구 자양동,41,2,11,195
서울특별시 광진구 중곡동,12,1,3,116
서울특별시 광진구 화양동,2,0,1,145
서울특별시 구로구 가리봉동,4,0,0,15
서울특별시 구로구 개봉동,30,0,6,90
서울특별시 구로구 고척동,29,0,2,62
서울특별시 구로구 구로동,62,2,10,291
서울특별시 구로구 궁동,2,0,0,14
서울특별시 구로구 신도림동,21,0,3,62
서울특별시 구로구 오류동,23,1,6,57
서울특별시 구로구 온수동,7,0,1,14
서울특별시 구로구 천왕동,8,0,2,9
서울특별시 구로구 항동,8,0,1,10
서울특별시 금천구 가산동,10,0,1,240
서울특별시 금천구 독산동,39,0,8,121
서울특별시 금천구 시흥동,40,1,8,121
서울특별시 노원구 공릉동,42,1,12,149
서울특별시 노원구 상계동,83,2,21,233
서울특별시 노원구 월계동,43,1,10,77
서울특별시 노원구 중계동,55,0,9,126
서울특별시 노원구 하계동,16,0,5,27
서울특별시 도봉구 도봉동,25,0,3,60
서울특별시 도봉구 방학동,33,0,6,86
서울특별시 도봉구 쌍문동,38,1,7,95
서울특별시 도봉구 창동,40,1,10,135
서울특별시 동대문구 답십리동,32,0,4,44
서울특별시 동대문구 신설동,0,0,0,24
서울특별시 동대문구 용두동,8,1,1,38
서울특별시 동대문구 이문동,20,0,3,58
서울특별시 동대문구 장안동,23,0,6,117
서울특별시 동대문구 전농동,15,0,4,76
서울특별시 동대문구 제기동,6,0,2,36
서울특별시 동대문구 청량리동,14,0,1,21
서울특별시 동대문구 회기동,1,0,2,40
서울특별시 동대문구 휘경동,18,0,3,42
서울특별시 동작구 노량진동,11,0,4,92
서울특별시 동작구 대방동,16,0,1,29
서울특별시 동작구 동작동,4,0,0,9
서울특별시 동작구 본동,11,0,2,8
서울특별시 동작구 사당동,32,0,6,140
서울특별시 동작구 상도1동,3,0,2,25
서울특별시 동작구 상도동,34,1,5,128
서울특별시 동작구 신대방동,15,0,3,75
서울특별시 동작구 흑석동,11,0,5,46
서울특별시 마포구 공덕동,15,0,1,45
서울특별시 마포구 구수동,0,0,0,3
서울특별시 마포구 노고산동,1,0,1,32
서울특별시 마포구 당인동,1,0,0,3
서울특별시 마포구 대흥동,8,0,2,33
서울특별시 마포구 도화동,12,0,3,69
서울특별시 마포구 동교동,2,0,0,113
서울특별시 마포구 마포동,2,0,0,7
서울특별시 마포구 망원동,10,0,1,106
서울특별시 마포구 상수동,4,0,0,75
서울특별시 마포구 상암동,20,0,5,107
서울특별시 마포구 서교동,3,0,1,317
서울특별시 마포구 성산동,15,1,4,88
서울특별시 마포구 신공덕동,10,0,1,12
서울특별시 마포구 신수동,11,0,1,44
서울특별시 마포구 신정동,1,0,0,1
서울특별시 마포구 아현동,13,1,1,29
서울특별시 마포구 연남동,5,0,2,162
서울특별시 마포구 염리동,10,0,2,28
서울특별시 마포구 용강동,4,0,0,18
서울특별시 마포구 중동,9,0,0,6
서울특별시 마포구 창전동,8,0,0,19
서울특별시 마포구 토정동,1,0,0,0
서울특별시 마포구 하중동,1,0,0,0
서울특별시 마포구 합정동,4,0,1,112
서울특별시 마포구 현석동,5,0,0,3
서울특별시 서대문구 남가좌동,13,0,4,66
서울특별시 서대문구 냉천동,3,0,0,9
서울특별시 서대문구 대신동,0,0,0,18
서울특별시 서대문구 대현동,2,0,2,102
서울특별시 서대문구 미근동,1,0,0,16
서울특별시 서대문구 북가좌동,23,1,3,58
서울특별시 서대문구 북아현동,11,0,1,27
서울특별시 서대문구 신촌동,1,0,0,28
서울특별시 서대문구 연희동,11,1,1,132
서울특별시 서대문구 영천동,1,0,0,0
서울특별시 서대문구 옥천동,0,0,0,2
서울특별시 서대문구 창천동,1,0,1,108
서울특별시 서대문구 천연동,2,0,1,1
서울특별시 서대문구 충정로2가,0,0,0,10
서울특별시 서대문구 충정로3가,1,0,0,29
서울특별시 서대문구 합동,0,0,0,5
서울특별시 서대문구 현저동,7,0,0,2
서울특별시 서대문구 홍은동,21,0,3,61
서울특별시 서대문구 홍제동,28,0,6,57
서울특별시 서초구 내곡동,10,0,1,14
서울특별시 서초구 반포동,21,0,3,197
서울특별시 서초구 방배동,31,1,4,281
서울특별시 서초구 서초동,33,2,6,436
서울특별시 서초구 신원동,7,0,1,19
서울특별시 서초구 양재동,7,0,3,201
서울특별시 서초구 염곡동,4,0,0,5
서울특별시 서초구 우면동,22,0,5,53
서울특별시 서초구 원지동,2,0,0,14
서울특별시 서초구 잠원동,41,0,2,78
서울특별시 성동구 금호동1가,7,0,1,16
서울특별시 성동구 금호동2가,7,0,1,11
서울특별시 성동구 금호동3가,19,0,1,13
서울특별시 성동구 금호동4가,0,0,2,15
서울특별시 성동구 도선동,2,0,0,11
서울특별시 성동구 마장동,15,0,4,16
서울특별시 성동구 사근동,5,0,2,17
서울특별시 성동구 상왕십리동,4,0,0,3
서울특별시 성동구 성수동1가,20,1,3,160
서울특별시 성동구 성수동2가,18,0,2,194
서울특별시 성동구 송정동,5,0,1,10
서울특별시 성동구 옥수동,18,0,4,20
서울특별시 성동구 용답동,4,0,1,26
서울특별시 성동구 응봉동,9,0,1,5
서울특별시 성동구 하왕십리동,23,0,2,37
서울특별시 성동구 행당동,19,0,2,108
서울특별시 성동구 홍익동,2,1,1,7
서울특별시 성북구 길음동,26,0,7,51
서울특별시 성북구 돈암동,19,0,9,17
서울특별시 성북구 동선동1가,1,0,0,21
서울특별시 성북구 동선동2가,0,0,0,21
서울특별시 성북구 동선동3가,1,0,0,8
서울특별시 성북구 동선동4가,0,0,0,11
서울특별시 성북구 동선동5가,0,0,0,4
서울특별시 성북구 동소문동1가,3,0,1,7
서울특별시 성북구 동소문동2가,5,0,0,6
서울특별시 성북구 동소문동3가,3,0,0,2
서울특별시 성북구 동소문동4가,0,0,0,5
서울특별시 성북구 동소문동5가,0,0,0,2
서울특별시 성북구 동소문동6가,0,1,1,8
서울특별시 성북구 동소문동7가,0,0,1,3
서울특별시 성북구 보문동1가,2,0,0,2
서울특별시 성북구 보문동2가,1,0,1,2
서울특별시 성북구 보문동3가,0,0,2,0
서울특별시 성북구 보문동4가,0,0,1,5
서울특별시 성북구 보문동5가,0,0,0,7
서울특별시 성북구 보문동6가,4,0,0,5
서울특별시 성북구 보문동7가,1,0,0,1
서울특별시 성북구 삼선동1가,0,0,0,5
서울특별시 성북구 삼선동2가,0,0,0,5
서울특별시 성북구 삼선동3가,0,0,1,5
서울특별시 성북구 삼선동4가,0,0,0,9
서울특별시 성북구 삼선동5가,0,0,0,12
서울특별시 성북구 상월곡동,4,0,1,12
서울특별시 성북구 석관동,8,0,3,36
서울특별시 성북구 성북동,6,0,2,49
서울특별시 성북구 성북동1가,0,0,0,5
서울특별시 성북구 안암동1가,0,0,0,7
서울특별시 성북구 안암동2가,1,0,0,9
서울특별시 성북구 안암동3가,5,0,1,3
서울특별시 성북구 안암동4가,0,0,0,5
서울특별시 성북구 안암동5가,0,0,0,78
서울특별시 성북구 장위동,13,0,5,44
서울특별시 성북구 정릉동,49,0,5,99
서울특별시 성북구 종암동,19,0,4,39
서울특별시 성북구 하월곡동,19,1,2,56
서울특별시 송파구 가락동,24,0,5,133
서울특별시 송파구 거여동,20,1,4,32
서울특별시 송파구 마천동,13,0,2,23
서울특별시 송파구 문정동,10,0,2,187
서울특별시 송파구 방이동,8,0,5,117
서울특별시 송파구 삼전동,2,0,1,53
서울특별시 송파구 석촌동,3,0,1,68
서울특별시 송파구 송파동,11,0,5,103
서울특별시 송파구 신천동,8,1,2,86
서울특별시 송파구 오금동,16,0,2,53
서울특별시 송파구 잠실동,16,0,6,143
서울특별시 송파구 장지동,15,0,6,48
서울특별시 송파구 풍납동,20,0,4,30
서울특별시 양천구 목동,50,1,14,241
서울특별시 양천구 신월동,53,1,7,114
서울특별시 양천구 신정동,69,1,18,193
서울특별시 영등포구 당산동,1,0,1,8
서울특별시 영등포구 당산동1가,0,0,0,18
서울특별시 영등포구 당산동2가,0,0,0,13
서울특별시 영등포구 당산동3가,7,1,2,48
서울특별시 영등포구 당산동4가,9,0,0,34
서울특별시 영등포구 당산동5가,8,0,1,7
서울특별시 영등포구 당산동6가,1,0,0,19
서울특별시 영등포구 대림동,20,0,7,70
서울특별시 영등포구 도림동,8,0,1,25
서울특별시 영등포구 문래동1가,10,0,1,9
서울특별시 영등포구 문래동2가,1,0,0,15
서울특별시 영등포구 문래동3가,11,0,0,49
서울특별시 영등포구 문래동4가,0,0,0,9
서울특별시 영등포구 문래동5가,0,0,0,11
서울특별시 영등포구 문래동6가,3,0,0,11
서울특별시 영등포구 신길동,42,0,11,119
서울특별시 영등포구 양평동1가,19,0,1,28
서울특별시 영등포구 양평동2가,2,0,0,21
서울특별시 영등포구 양평동3가,0,0,2,21
서울특별시 영등포구 양평동4가,0,0,0,36
서울특별시 영등포구 양평동5가,0,0,1,20
서울특별시 영등포구 양평동6가,0,0,0,5
서울특별시 영등포구 양화동,0,0,0,1
서울특별시 영등포구 여의도동,5,0,5,278
서울특별시 영등포구 영등포동,6,0,1,32
서울특별시 영등포구 영등포동1가,4,0,0,4
서울특별시 영등포구 영등포동2가,0,0,0,27
서울특별시 영등포구 영등포동3가,10,0,0,26
서울특별시 영등포구 영등포동4가,0,0,0,46
서울특별시 영등포구 영등포동5가,0,0,0,5
서울특별시 영등포구 영등포동6가,0,0,0,10
서울특별시 영등포구 영등포동7가,0,0,1,24
서울특별시 영등포구 영등포동8가,0,0,2,15
서울특별시 용산구 갈월동,2,0,0,21
서울특별시 용산구 남영동,1,0,0,13
서울특별시 용산구 도원동,2,0,1,4
서울특별시 용산구 동빙고동,5,0,0,7
서울특별시 용산구 동자동,1,0,0,23
서울특별시 용산구 문배동,1,0,0,3
서울특별시 용산구 보광동,13,0,0,9
서울특별시 용산구 산천동,4,0,2,2
서울특별시 용산구 서계동,3,0,0,11
서울특별시 용산구 서빙고동,4,0,1,8
서울특별시 용산구 신계동,1,0,0,3
서울특별시 용산구 신창동,1,0,0,2
서울특별시 용산구 용문동,4,0,0,13
서울특별시 용산구 용산동1가,0,0,0,3
서울특별시 용산구 용산동2가,5,0,0,35
서울특별시 용산구 용산동3가,1,0,0,2
서울특별시 용산구 용산동4가,0,0,0,1
서울특별시 용산구 용산동5가,0,0,0,7
서울특별시 용산구 용산동6가,0,0,0,4
서울특별시 용산구 원효로1가,0,0,0,23
서울특별시 용산구 원효로2가,0,0,1,8
서울특별시 용산구 원효로3가,1,0,0,5
서울특별시 용산구 원효로4가,1,0,0,14
서울특별시 용산구 이촌동,16,0,5,55
서울특별시 용산구 이태원동,12,1,0,121
서울특별시 용산구 주성동,0,0,0,1
서울특별시 용산구 청암동,1,0,0,0
서울특별시 용산구 청파동1가,0,0,0,5
서울특별시 용산구 청파동2가,1,0,1,33
서울특별시 용산구 청파동3가,0,0,0,18
서울특별시 용산구 한강로1가,3,0,0,15
서울특별시 용산구 한강로2가,3,0,0,50
서울특별시 용산구 한강로3가,0,0,0,49
서울특별시 용산구 한남동,10,0,1,149
서울특별시 용산구 효창동,4,0,0,17
서울특별시 용산구 후암동,5,0,1,33
서울특별시 은평구 갈현동,13,0,3,93
서울특별시 은평구 구산동,7,1,2,24
서울특별시 은평구 녹번동,13,1,4,47
서울특별시 은평구 대조동,4,0,0,44
서울특별시 은평구 불광동,27,0,7,56
서울특별시 은평구 수색동,11,0,2,9
서울특별시 은평구 신사동,18,0,4,48
서울특별시 은평구 역촌동,4,0,2,56
서울특별시 은평구 응암동,17,1,9,119
서울특별시 은평구 증산동,9,0,1,16
서울특별시 은평구 진관동,42,0,7,89
서울특별시 종로구 가회동,1,0,1,18
서울특별시 종로구 견지동,0,0,0,4
서울특별시 종로구 경운동,0,0,0,4
서울특별시 종로구 계동,0,0,0,37
서울특별시 종로구 공평동,0,0,0,9
서울특별시 종로구 관수동,1,0,0,5
서울특별시 종로구 관철동,2,0,0,18
서울특별시 종로구 관훈동,0,0,0,15
서울특별시 종로구 교북동,0,0,0,3
서울특별시 종로구 구기동,3,0,0,15
서울특별시 종로구 궁정동,0,0,0,4
서울특별시 종로구 권농동,0,0,0,3
서울특별시 종로구 낙원동,6,0,0,11
서울특별시 종로구 내수동,0,0,0,9
서울특별시 종로구 내자동,0,0,0,6
서울특별시 종로구 누상동,0,0,0,3
서울특별시 종로구 누하동,0,0,0,11
서울특별시 종로구 당주동,0,0,0,14
서울특별시 종로구 도렴동,0,0,0,4
서울특별시 종로구 돈의동,0,0,0,4
서울특별시 종로구 동숭동,3,0,0,47
서울특별시 종로구 명륜1가,1,0,0,9
서울특별시 종로구 명륜2가,1,0,0,23
서울특별시 종로구 명륜3가,2,0,0,9
서울특별시 종로구 명륜4가,2,0,0,21
서울특별시 종로구 묘동,0,0,0,7
서울특별시 종로구 무악동,3,0,1,10
서울특별시 종로구 봉익동,0,0,0,6
서울특별시 종로구 부암동,1,0,0,42
서울특별시 종로구 사간동,0,0,0,9
서울특별시 종로구 사직동,1,0,0,7
서울특별시 종로구 삼청동,1,0,0,28
서울특별시 종로구 서린동,1,0,0,15
서울특별시 종로구 세종로,0,0,0,16
서울특별시 종로구 소격동,0,0,0,25
서울특별시 종로구 수송동,0,0,0,24
서울특별시 종로구 숭인동,7,0,1,19
서울특별시 종로구 신교동,0,0,0,2
서울특별시 종로구 신문로1가,0,0,0,24
서울특별시 종로구 신문로2가,0,0,0,13
서울특별시 종로구 신영동,0,0,0,7
서울특별시 종로구 안국동,0,0,0,20
서울특별시 종로구 연건동,1,0,0,18
서울특별시 종로구 연지동,0,0,0,10
서울특별시 종로구 예지동,0,0,0,4
서울특별시 종로구 옥인동,1,1,1,7
서울특별시 종로구 와룡동,1,0,0,7
서울특별시 종로구 운니동,2,0,1,8
서울특별시 종로구 원남동,0,0,0,7
서울특별시 종로구 원서동,2,0,0,12
서울특별시 종로구 이화동,1,0,0,8
서울특별시 종로구 익선동,0,0,0,26
서울특별시 종로구 인사동,5,0,0,6
서울특별시 종로구 인의동,1,0,0,6
서울특별시 종로구 장사동,0,0,0,2
서울특별시 종로구 재동,1,0,0,9
서울특별시 종로구 적선동,0,0,0,13
서울특별시 종로구 종로1가,0,0,0,12
서울특별시 종로구 종로2가,0,0,0,15
서울특별시 종로구 종로3가,1,0,0,11
서울특별시 종로구 종로4가,0,0,0,4
서울특별시 종로구 종로5가,0,0,0,17
서울특별시 종로구 종로6가,0,0,1,15
서울특별시 종로구 중학동,0,0,0,6
서울특별시 종로구 창성동,0,0,0,5
서울특별시 종로구 창신동,10,0,2,30
서울특별시 종로구 청운동,1,0,1,6
서울특별시 종로구 청진동,1,0,0,31
서울특별시 종로구 체부동,0,0,0,13
서울특별시 종로구 충신동,2,0,0,2
서울특별시 종로구 통의동,0,0,0,12
서울특별시 종로구 통인동,0,0,0,9
서울특별시 종로구 팔판동,1,0,0,18
서울특별시 종로구 평동,0,0,0,10
서울특별시 종로구 평창동,3,0,0,45
서울특별시 종로구 필운동,0,0,2,9
서울특별시 종로구 행촌동,2,0,0,1
서울특별시 종로구 혜화동,0,0,3,23
서울특별시 종로구 홍지동,0,0,2,9
서울특별시 종로구 홍파동,0,0,0,1
서울특별시 종로구 화동,0,0,0,15
서울특별시 종로구 효자동,0,0,0,4
서울특별시 종로구 효제동,2,0,0,6
서울특별시 중구 광희동1가,1,0,0,5
서울특별시 중구 광희동2가,0,0,0,1
서울특별시 중구 남대문로1가,0,0,0,2
서울특별시 중구 남대문로2가,0,0,0,1
서울특별시 중구 남대문로3가,0,0,0,4
서울특별시 중구 남대문로4가,1,0,0,9
서울특별시 중구 남대문로5가,0,0,0,33
서울특별시 중구 남산동1가,0,0,0,2
서울특별시 중구 남산동2가,1,0,0,16
서울특별시 중구 남산동3가,0,0,0,4
서울특별시 중구 남창동,0,0,1,23
서울특별시 중구 남학동,0,0,0,1
서울특별시 중구 다동,0,0,0,16
서울특별시 중구 만리동1가,1,0,0,6
서울특별시 중구 만리동2가,1,0,0,7
서울특별시 중구 명동1가,0,0,0,11
서울특별시 중구 명동2가,0,0,0,29
서울특별시 중구 무교동,0,0,0,5
서울특별시 중구 무학동,0,1,0,2
서울특별시 중구 묵정동,0,0,0,4
서울특별시 중구 방산동,0,0,0,3
서울특별시 중구 봉래동1가,0,0,0,3
서울특별시 중구 봉래동2가,0,0,0,7
서울특별시 중구 북창동,0,0,0,8
서울특별시 중구 산림동,0,0,0,5
서울특별시 중구 삼각동,0,0,0,4
서울특별시 중구 서소문동,1,0,0,33
서울특별시 중구 소공동,0,0,0,30
서울특별시 중구 수표동,0,0,0,12
서울특별시 중구 수하동,0,0,0,7
서울특별시 중구 순화동,1,0,0,16
서울특별시 중구 신당동,29,2,7,157
서울특별시 중구 쌍림동,0,0,0,10
서울특별시 중구 예관동,0,0,0,3
서울특별시 중구 예장동,0,0,2,7
서울특별시 중구 오장동,0,0,0,5
서울특별시 중구 을지로1가,0,0,0,14
서울특별시 중구 을지로2가,0,0,0,18
서울특별시 중구 을지로3가,0,0,0,12
서울특별시 중구 을지로4가,1,0,0,11
서울특별시 중구 을지로5가,0,0,0,2
서울특별시 중구 을지로6가,0,0,0,32
서울특별시 중구 을지로7가,0,0,0,15
서울특별시 중구 의주로1가,0,0,0,1
서울특별시 중구 의주로2가,0,0,0,1
서울특별시 중구 인현동1가,0,0,0,9
서울특별시 중구 인현동2가,1,0,0,4
서울특별시 중구 입정동,0,0,0,2
서울특별시 중구 장교동,0,0,0,4
서울특별시 중구 장충동1가,2,0,0,6
서울특별시 중구 장충동2가,0,0,1,20
서울특별시 중구 저동1가,0,0,0,7
서울특별시 중구 저동2가,0,0,0,12
서울특별시 중구 정동,0,0,1,18
서울특별시 중구 주교동,0,0,0,6
서울특별시 중구 주자동,0,0,0,1
서울특별시 중구 중림동,2,0,1,16
서울특별시 중구 초동,0,0,0,7
서울특별시 중구 충무로1가,3,0,0,19
서울특별시 중구 충무로2가,0,0,0,22
서울특별시 중구 충무로3가,0,0,0,15
서울특별시 중구 충무로4가,0,0,0,8
서울특별시 중구 충무로5가,1,0,0,6
서울특별시 중구 충정로1가,0,0,0,6
서울특별시 중구 태평로1가,0,0,0,11
서울특별시 중구 태평로2가,0,0,0,19
서울특별시 중구 필동1가,0,0,0,5
서울특별시 중구 필동2가,1,0,0,16
서울특별시 중구 필동3가,0,0,0,17
서울특별시 중구 황학동,4,1,0,13
서울특별시 중구 회현동1가,0,0,0,20
서울특별시 중구 회현동2가,0,0,0,8
서울특별시 중구 회현동3가,0,0,0,7
서울특별시 중구 흥인동,0,0,0,9
서울특별시 중랑구 망우동,13,0,4,63
서울특별시 중랑구 면목동,43,0,11,158
서울특별시 중랑구 묵동,18,0,3,65
서울특별시 중랑구 상봉동,12,1,2,63
서울특별시 중랑구 신내동,29,1,7,65
서울특별시 중랑구 중화동,11,0,5,42
인천광역시 강화군 강화군 장정리,2,0,0,0
인천광역시 강화군 강화읍 갑곳리,8,0,1,15
인천광역시 강화군 강화읍 관청리,6,0,2,31
인천광역시 강화군 강화읍 국화리,3,0,0,1
인천광역시 강화군 강화읍 남산리,3,1,1,10
인천광역시 강화군 강화읍 대산리,2,0,1,0
인천광역시 강화군 강화읍 신문리,4,0,2,17
인천광역시 강화군 강화읍 옥림리,3,0,0,0
인천광역시 강화군 강화읍 용정리,2,0,0,1
인천광역시 강화군 강화읍 월곳리,2,0,0,1
인천광역시 강화군 교동면 고구리,2,0,0,1
인천광역시 강화군 교동면 난정리,3,1,0,1
인천광역시 강화군 교동면 대룡리,2,1,1,12
인천광역시 강화군 교동면 동산리,1,0,0,0
인천광역시 강화군 교동면 무학리,1,0,0,0
인천광역시 강화군 교동면 봉소리,1,0,0,0
인천광역시 강화군 교동면 삼선리,3,1,0,0
인천광역시 강화군 교동면 상용리,1,1,0,0
인천광역시 강화군 교동면 서한리,1,0,0,0
인천광역시 강화군 교동면 양갑리,1,0,0,0
인천광역시 강화군 교동면 읍내리,1,0,0,1
인천광역시 강화군 교동면 인사리,2,0,0,0
인천광역시 강화군 교동면 지석리,1,0,0,0
인천광역시 강화군 길상면 길직리,3,0,0,3
인천광역시 강화군 길상면 동검리,1,0,0,5
인천광역시 강화군 길상면 선두리,5,0,0,9
인천광역시 강화군 길상면 신현리,0,0,0,1
인천광역시 강화군 길상면 온수리,4,1,0,22
인천광역시 강화군 길상면 장흥리,2,0,0,8
인천광역시 강화군 길상면 초지리,2,0,0,10
인천광역시 강화군 내가면 고천리,5,1,1,1
인천광역시 강화군 내가면 구하리,2,0,0,0
인천광역시 강화군 내가면 오상리,3,0,0,0
인천광역시 강화군 내가면 외포리,2,0,0,8
인천광역시 강화군 내가면 황청리,2,1,0,0
인천광역시 강화군 불은면 고능리,4,0,0,0
인천광역시 강화군 불은면 넙성리,2,0,0,0
인천광역시 강화군 불은면 덕성리,2,0,0,3
인천광역시 강화군 불은면 두운리,4,1,0,6
인천광역시 강화군 불은면 삼동암리,2,0,0,1
인천광역시 강화군 불은면 삼성리,2,0,0,0
인천광역시 강화군 불은면 신현리,1,0,0,3
인천광역시 강화군 불은면 오두리,1,1,0,2
인천광역시 강화군 삼산면 매음리,5,1,1,4
인천광역시 강화군 삼산면 미법리,1,0,0,0
인천광역시 강화군 삼산면 상리,2,0,0,0
인천광역시 강화군 삼산면 서검리,1,1,0,0
인천광역시 강화군 삼산면 석모리,3,1,1,1
인천광역시 강화군 삼산면 석포리,1,0,0,1
인천광역시 강화군 삼산면 하리,2,1,0,0
인천광역시 강화군 서도면 볼음도리,2,1,0,0
인천광역시 강화군 서도면 아차도리,1,0,0,0
인천광역시 강화군 서도면 주문도리,2,1,1,1
인천광역시 강화군 선원면 금월리,3,1,0,0
인천광역시 강화군 선원면 냉정리,2,0,1,4
인천광역시 강화군 선원면 선행리,1,0,0,3
인천광역시 강화군 선원면 신정리,3,0,0,6
인천광역시 강화군 선원면 연리,2,1,0,6
인천광역시 강화군 선원면 지산리,3,0,0,0
인천광역시 강화군 선원면 창리,3,0,0,4
인천광역시 강화군 송해면 당산리,1,0,0,0
인천광역시 강화군 송해면 상도리,2,0,0,0
인천광역시 강화군 송해면 솔정리,3,1,1,1
인천광역시 강화군 송해면 숭뢰리,2,0,0,0
인천광역시 강화군 송해면 신당리,2,0,0,0
인천광역시 강화군 송해면 양오리,2,0,0,0
인천광역시 강화군 송해면 하도리,1,0,0,2
인천광역시 강화군 신정동,1,0,0,0
인천광역시 강화군 양도면 건평리,2,1,0,3
인천광역시 강화군 양도면 길정리,3,0,0,0
인천광역시 강화군 양도면 능내리,2,0,0,0
인천광역시 강화군 양도면 도장리,4,0,0,0
인천광역시 강화군 양도면 삼흥리,3,0,0,1
인천광역시 강화군 양도면 인산리,7,0,0,1
인천광역시 강화군 양도면 조산리,1,0,1,0
인천광역시 강화군 양도면 하일리,1,1,0,1
인천광역시 강화군 양사면 교산리,3,1,0,0
인천광역시 강화군 양사면 덕하리,3,0,1,3
인천광역시 강화군 양사면 북성리,2,0,0,0
인천광역시 강화군 양사면 인화리,3,1,0,0
인천광역시 강화군 양사면 철산리,1,0,0,1
인천광역시 강화군 태평동,1,0,0,0
인천광역시 강화군 포승읍 원정리,1,0,0,0
인천광역시 강화군 하점면 망월리,4,0,1,1
인천광역시 강화군 하점면 부근리,3,0,0,1
인천광역시 강화군 하점면 삼거리,3,0,0,1
인천광역시 강화군 하점면 신봉리,3,1,1,1
인천광역시 강화군 하점면 신삼리,2,1,0,0
인천광역시 강화군 하점면 이강리,3,0,0,0
인천광역시 강화군 하점면 창후리,3,0,0,2
인천광역시 강화군 화도면 내리,5,0,0,7
인천광역시 강화군 화도면 덕포리,6,0,0,3
인천광역시 강화군 화도면 동막리,1,0,0,8
인천광역시 강화군 화도면 문산리,1,0,0,1
인천광역시 강화군 화도면 사기리,1,0,0,10
인천광역시 강화군 화도면 상방리,3,1,0,4
인천광역시 강화군 화도면 여차리,2,0,0,1
인천광역시 강화군 화도면 장화리,2,0,0,2
인천광역시 강화군 화도면 흥왕리,2,1,0,4
인천광역시 계양구 갈현동,1,0,0,1
인천광역시 계양구 계산동,33,1,7,125
인천광역시 계양구 귤현동,4,0,1,8
인천광역시 계양구 다남동,1,0,1,3
인천광역시 계양구 동양동,6,0,2,18
인천광역시 계양구 둑실동,1,0,0,0
인천광역시 계양구 목상동,1,0,0,0
인천광역시 계양구 박촌동,8,0,1,6
인천광역시 계양구 방축동,1,0,0,1
인천광역시 계양구 병방동,8,0,4,13
인천광역시 계양구 상야동,1,0,0,2
인천광역시 계양구 서운동,3,0,1,8
인천광역시 계양구 선주지동,1,0,0,0
인천광역시 계양구 오류동,2,0,0,2
인천광역시 계양구 용종동,6,0,1,25
인천광역시 계양구 이화동,3,0,0,2
인천광역시 계양구 임학동,2,0,3,27
인천광역시 계양구 작전동,36,0,7,94
인천광역시 계양구 장기동,1,1,1,7
인천광역시 계양구 하야동,1,0,0,1
인천광역시 계양구 효성동,32,1,5,34
인천광역시 남동구 간석동,34,1,10,141
인천광역시 남동구 고잔동,2,0,0,23
인천광역시 남동구 구월동,24,0,16,359
인천광역시 남동구 남촌동,6,0,2,9
인천광역시 남동구 논현동,37,0,15,117
인천광역시 남동구 도림동,6,0,2,12
인천광역시 남동구 만수동,45,1,12,134
인천광역시 남동구 서창동,20,0,8,42
인천광역시 남동구 수산동,1,0,3,7
인천광역시 남동구 운연동,2,0,0,3
인천광역시 남동구 장수동,3,0,0,8
인천광역시 동구 금곡동,1,0,0,8
인천광역시 동구 만석동,6,1,0,8
인천광역시 동구 송림동,12,0,5,54
인천광역시 동구 송현동,11,0,4,22
인천광역시 동구 창영동,0,0,1,4
인천광역시 동구 화수동,6,0,1,6
인천광역시 동구 화평동,1,0,0,6
인천광역시 미추홀구 관교동,7,0,0,8
인천광역시 미추홀구 도화동,23,1,5,17
인천광역시 미추홀구 문학동,2,0,2,7
인천광역시 미추홀구 소사본동,1,0,0,0
인천광역시 미추홀구 숭의동,13,1,3,13
인천광역시 미추홀구 심곡본동,1,0,0,0
인천광역시 미추홀구 연천읍 차탄리,3,0,0,0
인천광역시 미추홀구 용현동,44,0,9,86
인천광역시 미추홀구 주안동,44,0,14,111
인천광역시 미추홀구 학익동,25,0,9,382
인천광역시 부평구 갈산동,20,0,6,49
인천광역시 부평구 광적면 비암리,1,0,0,0
인천광역시 부평구 구산동,2,0,2,4
인천광역시 부평구 부개동,27,0,13,68
인천광역시 부평구 부평동,27,1,9,302
인천광역시 부평구 산곡동,38,0,14,73
인천광역시 부평구 삼산동,26,0,8,63
인천광역시 부평구 십정동,16,1,6,89
인천광역시 부평구 일신동,3,0,1,14
인천광역시 부평구 청천동,16,1,4,82
인천광역시 부평구 춘의동,1,0,0,0
인천광역시 서구 가정동,17,0,5,75
인천광역시 서구 가좌동,32,1,10,119
인천광역시 서구 검암동,12,0,4,43
인천광역시 서구 경서동,5,0,4,70
인천광역시 서구 공촌동,3,0,1,0
인천광역시 서구 금곡동,5,1,2,0
인천광역시 서구 당하동,16,1,7,36
인천광역시 서구 대곡동,4,0,0,0
인천광역시 서구 마전동,30,0,8,64
인천광역시 서구 백석동,0,0,0,3
인천광역시 서구 불로동,13,0,3,13
인천광역시 서구 석남동,22,1,4,113
인천광역시 서구 시천동,1,0,0,3
인천광역시 서구 신현동,9,0,5,43
인천광역시 서구 심곡동,7,1,3,54
인천광역시 서구 연희동,6,0,1,77
인천광역시 서구 오류동,7,0,3,20
인천광역시 서구 왕길동,17,0,1,26
인천광역시 서구 원당동,3,0,7,13
인천광역시 서구 원창동,1,0,0,19
인천광역시 서구 청라동,36,0,13,85
인천광역시 연수구 구로동,2,0,0,0
인천광역시 연수구 독산동,1,0,0,0
인천광역시 연수구 동춘동,23,0,10,98
인천광역시 연수구 문정동,2,0,0,0
인천광역시 연수구 선학동,12,0,1,20
인천광역시 연수구 송도동,49,1,19,406
인천광역시 연수구 연수동,24,0,9,75
인천광역시 연수구 옥련동,26,0,6,68
인천광역시 연수구 정릉동,1,0,0,0
인천광역시 연수구 청학동,14,1,4,43
인천광역시 옹진군 대청면 대청리,7,1,1,1
인천광역시 옹진군 대청면 소청리,2,1,0,0
인천광역시 옹진군 덕적면 문갑리,1,1,0,0
인천광역시 옹진군 덕적면 백아리,0,1,0,0
인천광역시 옹진군 덕적면 북리,2,0,0,0
인천광역시 옹진군 덕적면 서포리,1,1,0,1
인천광역시 옹진군 덕적면 소야리,2,1,0,2
인천광역시 옹진군 덕적면 울도리,1,1,0,0
인천광역시 옹진군 덕적면 진리,3,1,0,2
인천광역시 옹진군 백령면 가을리,3,0,1,0
인천광역시 옹진군 백령면 남포리,2,0,0,0
인천광역시 옹진군 백령면 북포리,2,1,0,0
인천광역시 옹진군 백령면 연화리,3,0,0,0
인천광역시 옹진군 백령면 진촌리,6,0,1,5
인천광역시 옹진군 북도면 모도리,1,0,0,0
인천광역시 옹진군 북도면 시도리,1,1,0,2
인천광역시 옹진군 북도면 신도리,4,0,1,2
인천광역시 옹진군 북도면 장봉리,4,1,1,3
인천광역시 옹진군 서포면 구랑리,1,0,0,0
인천광역시 옹진군 연평면 연평리,6,2,1,9
인천광역시 옹진군 영흥면 내리,7,0,1,22
인천광역시 옹진군 영흥면 선재리,3,1,0,19
인천광역시 옹진군 영흥면 외리,4,1,0,2
인천광역시 옹진군 용현동,0,1,0,0
인천광역시 옹진군 자월면 승봉리,1,1,0,0
인천광역시 옹진군 자월면 이작리,3,2,0,0
인천광역시 옹진군 자월면 자월리,3,1,1,0
인천광역시 중구 경동,1,0,0,14
인천광역시 중구 관동1가,0,0,0,2
인천광역시 중구 관동2가,0,0,0,2
인천광역시 중구 관동3가,0,0,0,2
인천광역시 중구 남북동,1,1,1,2
인천광역시 중구 내동,0,0,0,11
인천광역시 중구 답동,2,0,2,2
인천광역시 중구 덕교동,2,0,0,11
인천광역시 중구 도원동,3,0,0,5
인천광역시 중구 무의동,4,1,0,6
인천광역시 중구 북성동1가,3,0,0,12
인천광역시 중구 북성동2가,1,0,0,11
인천광역시 중구 북성동3가,0,0,0,6
인천광역시 중구 사동,0,0,0,2
인천광역시 중구 선린동,0,0,0,5
인천광역시 중구 선화동,1,0,0,2
인천광역시 중구 송월동1가,2,0,0,3
인천광역시 중구 송월동2가,1,0,0,2
인천광역시 중구 송월동3가,1,0,1,13
인천광역시 중구 송학동1가,0,0,0,1
인천광역시 중구 송학동2가,0,0,0,4
인천광역시 중구 송학동3가,0,0,0,6
인천광역시 중구 신생동,1,0,0,3
인천광역시 중구 신포동,1,0,0,16
인천광역시 중구 신흥동1가,4,0,0,2
인천광역시 중구 신흥동2가,1,0,0,2
인천광역시 중구 신흥동3가,3,0,2,8
인천광역시 중구 용동,0,0,0,4
인천광역시 중구 운남동,7,1,1,23
인천광역시 중구 운북동,3,0,0,10
인천광역시 중구 운서동,17,0,4,135
인천광역시 중구 유동,1,0,0,0
인천광역시 중구 율목동,0,0,0,5
인천광역시 중구 을왕동,4,0,0,21
인천광역시 중구 인현동,1,0,0,17
인천광역시 중구 전동,1,1,1,4
인천광역시 중구 중산동,15,0,6,61
인천광역시 중구 중앙동1가,1,0,0,2
인천광역시 중구 중앙동2가,0,0,0,2
인천광역시 중구 중앙동4가,0,0,0,2
인천광역시 중구 항동3가,0,0,0,1
인천광역시 중구 항동7가,2,0,1,29
인천광역시 중구 해안동2가,0,0,0,2
