address,학원,초등학교,중학교,고등학교,유치원
경기도 가평군 가평읍 대곡리,16개,0개,0개,0개,0개
경기도 가평군 가평읍 읍내리,17개,1개,0개,0개,1개
경기도 가평군 상면 덕현리,2개,0개,0개,0개,0개
경기도 가평군 상면 연하리,1개,1개,0개,0개,1개
경기도 가평군 설악면 송산리,1개,0개,0개,0개,0개
경기도 가평군 설악면 신천리,11개,1개,1개,1개,1개
경기도 가평군 조종면 현리,9개,1개,1개,1개,1개
경기도 가평군 청평면 상천리,2개,1개,0개,0개,1개
경기도 가평군 청평면 청평리,15개,1개,1개,1개,1개
경기도 고양시 덕양구 고양동,57개,2개,1개,1개,4개
경기도 고양시 덕양구 관산동,36개,1개,1개,1개,3개
경기도 고양시 덕양구 내유동,11개,1개,0개,0개,1개
경기도 고양시 덕양구 대장동,1개,1개,0개,0개,1개
경기도 고양시 덕양구 도내동,77개,2개,1개,1개,3개
경기도 고양시 덕양구 동산동,55개,2개,0개,1개,3개
경기도 고양시 덕양구 삼송동,33개,0개,0개,0개,0개
경기도 고양시 덕양구 성사동,80개,2개,1개,1개,5개
경기도 고양시 덕양구 신원동,74개,1개,1개,1개,2개
경기도 고양시 덕양구 원흥동,28개,2개,0개,0개,4개
경기도 고양시 덕양구 주교동,19개,1개,1개,0개,2개
경기도 고양시 덕양구 지축동,4개,1개,1개,0개,3개
경기도 고양시 덕양구 토당동,45개,2개,1개,1개,5개
경기도 고양시 덕양구 행신동,262개,10개,5개,4개,18개
경기도 고양시 덕양구 향동동,46개,2개,1개,1개,3개
경기도 고양시 덕양구 화전동,3개,1개,1개,0개,1개
경기도 고양시 덕양구 화정동,338개,6개,4개,2개,9개
경기도 고양시 일산동구 마두동,386개,4개,3개,2개,7개
경기도 고양시 일산동구 백석동,71개,3개,1개,2개,7개
경기도 고양시 일산동구 사리현동,4개,1개,0개,0개,1개
경기도 고양시 일산동구 설문동,1개,0개,0개,0개,0개
경기도 고양시 일산동구 성석동,2개,0개,0개,0개,0개
경기도 고양시 일산동구 식사동,105개,3개,1개,2개,5개
경기도 고양시 일산동구 장항동,113개,2개,0개,0개,2개
경기도 고양시 일산동구 정발산동,75개,2개,1개,1개,4개
경기도 고양시 일산동구 중산동,122개,5개,2개,2개,7개
경기도 고양시 일산동구 지영동,1개,0개,0개,0개,0개
경기도 고양시 일산동구 풍동,113개,3개,1개,2개,5개
경기도 고양시 일산서구 가좌동,41개,2개,1개,1개,3개
경기도 고양시 일산서구 대화동,123개,5개,3개,3개,7개
경기도 고양시 일산서구 덕이동,55개,3개,1개,3개,5개
경기도 고양시 일산서구 일산동,460개,4개,3개,2개,11개
경기도 고양시 일산서구 주엽동,300개,6개,3개,2개,9개
경기도 고양시 일산서구 탄현동,114개,4개,2개,1개,9개
경기도 과천시 갈현동,1개,0개,0개,0개,0개
경기도 과천시 과천동,2개,0개,0개,0개,0개
경기도 과천시 별양동,81개,2개,1개,1개,2개
경기도 과천시 부림동,11개,0개,0개,0개,0개
경기도 과천시 원문동,42개,0개,0개,0개,0개
경기도 과천시 주암동,3개,0개,0개,0개,0개
경기도 과천시 중앙동,31개,0개,0개,0개,0개
경기도 광명시 광명동,165개,0개,0개,0개,0개
경기도 광명시 소하동,170개,1개,3개,5개,8개
경기도 광명시 일직동,55개,0개,0개,0개,0개
경기도 광명시 철산동,236개,1개,3개,2개,8개
경기도 광명시 하안동,223개,0개,0개,0개,0개
경기도 광주시 경안동,85개,0개,0개,0개,0개
경기도 광주시 곤지암읍 건업리,1개,0개,0개,0개,0개
경기도 광주시 곤지암읍 곤지암리,16개,1개,1개,1개,2개
경기도 광주시 곤지암읍 만선리,1개,1개,0개,0개,1개
경기도 광주시 곤지암읍 삼리,17개,1개,0개,0개,2개
경기도 광주시 도척면 궁평리,1개,0개,0개,0개,0개
경기도 광주시 도척면 노곡리,4개,1개,1개,0개,1개
경기도 광주시 목동,1개,0개,0개,0개,0개
경기도 광주시 목현동,2개,0개,0개,0개,0개
경기도 광주시 송정동,23개,1개,1개,3개,2개
경기도 광주시 쌍령동,29개,0개,0개,0개,0개
경기도 광주시 역동,18개,0개,0개,0개,0개
경기도 광주시 오포읍 능평리,16개,0개,0개,0개,0개
경기도 광주시 오포읍 매산리,2개,0개,0개,0개,0개
경기도 광주시 오포읍 신현리,41개,2개,1개,0개,2개
경기도 광주시 오포읍 양벌리,69개,2개,1개,0개,3개
경기도 광주시 오포읍 추자리,11개,1개,0개,0개,1개
경기도 광주시 장지동,21개,0개,0개,0개,0개
경기도 광주시 중대동,22개,0개,0개,0개,0개
경기도 광주시 초월읍 늑현리,1개,0개,0개,0개,0개
경기도 광주시 초월읍 대쌍령리,5개,0개,0개,0개,0개
경기도 광주시 초월읍 도평리,19개,1개,0개,0개,2개
경기도 광주시 초월읍 무갑리,1개,0개,0개,0개,0개
경기도 광주시 초월읍 산이리,2개,0개,0개,0개,0개
경기도 광주시 초월읍 신월리,2개,1개,0개,0개,0개
경기도 광주시 초월읍 쌍동리,27개,1개,1개,0개,1개
경기도 광주시 초월읍 용수리,1개,0개,0개,0개,0개
경기도 광주시 초월읍 지월리,4개,0개,0개,0개,0개
경기도 광주시 탄벌동,45개,1개,1개,0개,3개
경기도 광주시 태전동,77개,1개,1개,1개,4개
경기도 광주시 퇴촌면 관음리,3개,0개,0개,0개,0개
경기도 광주시 퇴촌면 광동리,1개,0개,0개,0개,0개
경기도 광주시 퇴촌면 도수리,15개,1개,0개,0개,1개
경기도 광주시 회덕동,4개,0개,0개,0개,0개
경기도 구리시 갈매동,73개,0개,0개,0개,0개
경기도 구리시 교문동,74개,1개,2개,0개,10개
경기도 구리시 수택동,195개,0개,0개,0개,0개
경기도 구리시 아천동,1개,0개,0개,0개,0개
경기도 구리시 인창동,194개,2개,2개,1개,11개
경기도 구리시 토평동,44개,1개,2개,2개,2개
경기도 군포시 금정동,99개,1개,2개,2개,7개
경기도 군포시 당동,109개,1개,3개,1개,7개
경기도 군포시 당정동,34개,0개,0개,0개,0개
경기도 군포시 대야미동,11개,0개,0개,0개,0개
경기도 군포시 도마교동,19개,1개,0개,0개,1개
경기도 군포시 부곡동,47개,0개,0개,0개,0개
경기도 군포시 산본동,412개,0개,0개,0개,0개
경기도 김포시 감정동,48개,0개,0개,0개,0개
경기도 김포시 걸포동,29개,1개,0개,0개,6개
경기도 김포시 고촌읍 신곡리,66개,3개,2개,0개,3개
경기도 김포시 고촌읍 태리,1개,0개,0개,0개,0개
경기도 김포시 고촌읍 향산리,3개,1개,1개,0개,2개
경기도 김포시 구래동,138개,2개,1개,0개,5개
경기도 김포시 대곶면 대능리,1개,0개,0개,0개,0개
경기도 김포시 대곶면 석정리,1개,1개,0개,0개,1개
경기도 김포시 대곶면 오니산리,1개,0개,0개,0개,0개
경기도 김포시 대곶면 율생리,2개,1개,1개,0개,1개
경기도 김포시 마산동,52개,1개,1개,1개,5개
경기도 김포시 북변동,124개,2개,2개,1개,3개
경기도 김포시 사우동,66개,0개,0개,0개,0개
경기도 김포시 양촌읍 구래리,2개,0개,0개,0개,0개
경기도 김포시 양촌읍 석모리,2개,0개,0개,0개,0개
경기도 김포시 양촌읍 양곡리,18개,2개,2개,1개,5개
경기도 김포시 양촌읍 학운리,4개,1개,0개,0개,1개
경기도 김포시 운양동,161개,2개,1개,2개,8개
경기도 김포시 장기동,289개,3개,4개,1개,13개
경기도 김포시 통진읍 도사리,1개,0개,0개,0개,0개
경기도 김포시 통진읍 마송리,13개,2개,2개,2개,2개
경기도 김포시 통진읍 서암리,10개,2개,0개,0개,4개
경기도 김포시 풍무동,180개,3개,2개,1개,11개
경기도 김포시 하성면 마곡리,3개,1개,1개,1개,1개
경기도 남양주시 금곡동,27개,0개,0개,0개,0개
경기도 남양주시 다산동,356개,6개,6개,4개,17개
경기도 남양주시 별내동,167개,1개,2개,2개,7개
경기도 남양주시 별내면 청학리,33개,1개,1개,1개,3개
경기도 남양주시 수동면 송천리,1개,1개,0개,0개,0개
경기도 남양주시 수동면 외방리,1개,0개,0개,0개,0개
경기도 남양주시 수동면 입석리,3개,1개,1개,0개,1개
경기도 남양주시 수석동,1개,0개,0개,0개,0개
경기도 남양주시 오남읍 양지리,35개,2개,2개,1개,3개
경기도 남양주시 오남읍 오남리,49개,2개,1개,0개,4개
경기도 남양주시 와부읍 덕소리,112개,3개,2개,1개,7개
경기도 남양주시 와부읍 도곡리,64개,2개,1개,1개,4개
경기도 남양주시 진건읍 사능리,1개,1개,1개,0개,1개
경기도 남양주시 진건읍 용정리,27개,1개,0개,0개,2개
경기도 남양주시 진접읍 금곡리,105개,4개,2개,1개,6개
경기도 남양주시 진접읍 내각리,7개,1개,0개,0개,1개
경기도 남양주시 진접읍 부평리,16개,1개,0개,0개,2개
경기도 남양주시 진접읍 연평리,1개,0개,0개,0개,0개
경기도 남양주시 진접읍 장현리,58개,2개,2개,1개,5개
경기도 남양주시 진접읍 진벌리,1개,0개,0개,0개,0개
경기도 남양주시 진접읍 팔야리,2개,1개,0개,0개,2개
경기도 남양주시 퇴계원읍 퇴계원리,41개,1개,1개,1개,4개
경기도 남양주시 평내동,147개,0개,0개,0개,0개
경기도 남양주시 호평동,148개,0개,0개,0개,0개
경기도 남양주시 화도읍 가곡리,3개,1개,0개,0개,1개
경기도 남양주시 화도읍 구암리,2개,0개,0개,0개,0개
경기도 남양주시 화도읍 금남리,1개,1개,0개,0개,1개
경기도 남양주시 화도읍 녹촌리,10개,1개,0개,1개,1개
경기도 남양주시 화도읍 답내리,1개,1개,0개,0개,1개
경기도 남양주시 화도읍 마석우리,72개,3개,2개,1개,3개
경기도 남양주시 화도읍 묵현리,23개,1개,1개,0개,5개
경기도 남양주시 화도읍 월산리,14개,1개,1개,1개,1개
경기도 남양주시 화도읍 차산리,5개,1개,0개,0개,1개
경기도 남양주시 화도읍 창현리,41개,2개,1개,0개,5개
경기도 동두천시 동두천동,1개,0개,0개,0개,0개
경기도 동두천시 생연동,16개,2개,4개,2개,7개
경기도 동두천시 송내동,3개,0개,0개,0개,0개
경기도 동두천시 지행동,98개,0개,0개,0개,0개
경기도 동두천시 하봉암동,1개,0개,0개,0개,0개
경기도 부천시 고강동,47개,1개,1개,1개,4개
경기도 부천시 괴안동,61개,0개,0개,0개,0개
경기도 부천시 내동,3개,0개,0개,0개,0개
경기도 부천시 도당동,41개,0개,0개,0개,0개
경기도 부천시 범박동,74개,0개,0개,0개,0개
경기도 부천시 삼정동,8개,1개,0개,0개,1개
경기도 부천시 상동,457개,2개,5개,5개,19개
경기도 부천시 소사동,8개,0개,0개,0개,0개
경기도 부천시 소사본동,95개,1개,2개,1개,6개
경기도 부천시 송내동,101개,1개,3개,3개,7개
경기도 부천시 심곡동,79개,2개,0개,0개,4개
경기도 부천시 심곡본동,51개,0개,0개,0개,0개
경기도 부천시 약대동,28개,2개,0개,0개,2개
경기도 부천시 여월동,37개,0개,0개,0개,0개
경기도 부천시 역곡동,70개,1개,1개,1개,4개
경기도 부천시 오정동,31개,1개,1개,1개,6개
경기도 부천시 옥길동,116개,1개,1개,0개,3개
경기도 부천시 원미동,43개,0개,0개,0개,0개
경기도 부천시 원종동,88개,1개,0개,1개,6개
경기도 부천시 작동,6개,0개,0개,0개,0개
경기도 부천시 중동,482개,7개,8개,8개,27개
경기도 부천시 춘의동,14개,0개,0개,0개,0개
경기도 성남시 분당구 구미동,149개,4개,2개,1개,9개
경기도 성남시 분당구 궁내동,1개,0개,0개,0개,0개
경기도 성남시 분당구 금곡동,97개,1개,1개,1개,4개
경기도 성남시 분당구 백현동,49개,2개,2개,2개,4개
경기도 성남시 분당구 분당동,26개,2개,1개,1개,4개
경기도 성남시 분당구 삼평동,67개,2개,1개,1개,3개
경기도 성남시 분당구 서현동,303개,4개,2개,2개,5개
경기도 성남시 분당구 수내동,414개,3개,3개,2개,7개
경기도 성남시 분당구 야탑동,175개,5개,2개,4개,10개
경기도 성남시 분당구 운중동,57개,2개,1개,1개,3개
경기도 성남시 분당구 율동,1개,0개,0개,0개,0개
경기도 성남시 분당구 이매동,189개,3개,3개,3개,6개
경기도 성남시 분당구 정자동,455개,7개,4개,4개,13개
경기도 성남시 분당구 판교동,66개,2개,2개,1개,4개
경기도 성남시 수정구 고등동,5개,1개,0개,0개,0개
경기도 성남시 수정구 단대동,27개,1개,2개,1개,1개
경기도 성남시 수정구 복정동,6개,1개,0개,1개,1개
경기도 성남시 수정구 사송동,1개,0개,0개,0개,0개
경기도 성남시 수정구 산성동,8개,1개,1개,0개,1개
경기도 성남시 수정구 수진동,40개,2개,2개,1개,3개
경기도 성남시 수정구 신흥동,72개,2개,1개,0개,2개
경기도 성남시 수정구 양지동,18개,1개,0개,0개,0개
경기도 성남시 수정구 창곡동,276개,4개,2개,1개,8개
경기도 성남시 수정구 태평동,77개,5개,1개,0개,4개
경기도 성남시 중원구 금광동,89개,4개,4개,1개,4개
경기도 성남시 중원구 도촌동,38개,1개,1개,0개,2개
경기도 성남시 중원구 상대원동,39개,4개,0개,0개,4개
경기도 성남시 중원구 성남동,69개,1개,3개,5개,2개
경기도 성남시 중원구 여수동,26개,1개,0개,0개,1개
경기도 성남시 중원구 은행동,42개,3개,1개,0개,4개
경기도 성남시 중원구 중앙동,19개,1개,0개,0개,1개
경기도 성남시 중원구 하대원동,38개,2개,1개,1개,2개
경기도 수원시 권선구 고색동,40개,2개,1개,1개,3개
경기도 수원시 권선구 곡반정동,17개,1개,1개,0개,3개
경기도 수원시 권선구 구운동,55개,2개,1개,0개,3개
경기도 수원시 권선구 권선동,241개,9개,3개,3개,17개
경기도 수원시 권선구 금곡동,159개,5개,2개,1개,8개
경기도 수원시 권선구 당수동,32개,1개,0개,1개,3개
경기도 수원시 권선구 서둔동,32개,2개,1개,0개,4개
경기도 수원시 권선구 세류동,131개,3개,2개,0개,4개
경기도 수원시 권선구 신동,1개,0개,0개,0개,0개
경기도 수원시 권선구 오목천동,33개,2개,1개,1개,5개
경기도 수원시 권선구 입북동,15개,1개,0개,0개,1개
경기도 수원시 권선구 탑동,41개,2개,0개,1개,3개
경기도 수원시 권선구 평동,5개,0개,0개,0개,0개
경기도 수원시 권선구 호매실동,80개,3개,2개,1개,5개
경기도 수원시 영통구 망포동,222개,4개,2개,1개,6개
경기도 수원시 영통구 매탄동,298개,8개,6개,3개,14개
경기도 수원시 영통구 신동,18개,0개,0개,0개,0개
경기도 수원시 영통구 영통동,427개,8개,5개,4개,14개
경기도 수원시 영통구 원천동,68개,5개,3개,1개,8개
경기도 수원시 영통구 이의동,210개,3개,3개,2개,5개
경기도 수원시 영통구 하동,45개,1개,0개,1개,2개
경기도 수원시 장안구 송죽동,50개,2개,1개,1개,2개
경기도 수원시 장안구 연무동,21개,1개,1개,0개,1개
경기도 수원시 장안구 영화동,42개,0개,0개,0개,0개
경기도 수원시 장안구 율전동,82개,2개,1개,0개,6개
경기도 수원시 장안구 이목동,5개,0개,0개,0개,0개
경기도 수원시 장안구 정자동,309개,7개,2개,3개,11개
경기도 수원시 장안구 조원동,111개,5개,3개,2개,8개
경기도 수원시 장안구 천천동,155개,3개,2개,3개,6개
경기도 수원시 장안구 파장동,25개,2개,1개,0개,3개
경기도 수원시 장안구 하광교동,1개,0개,0개,0개,0개
경기도 수원시 팔달구 고등동,32개,1개,0개,1개,3개
경기도 수원시 팔달구 교동,23개,0개,0개,0개,0개
경기도 수원시 팔달구 남창동,5개,1개,0개,0개,1개
경기도 수원시 팔달구 매교동,6개,0개,0개,0개,0개
경기도 수원시 팔달구 매산로1가,29개,0개,0개,0개,0개
경기도 수원시 팔달구 매산로2가,38개,0개,0개,0개,0개
경기도 수원시 팔달구 매산로3가,16개,1개,0개,0개,1개
경기도 수원시 팔달구 매탄동,1개,0개,0개,0개,0개
경기도 수원시 팔달구 매향동,4개,1개,2개,3개,1개
경기도 수원시 팔달구 북수동,9개,0개,0개,0개,0개
경기도 수원시 팔달구 세류동,1개,0개,0개,0개,0개
경기도 수원시 팔달구 신풍동,9개,0개,0개,0개,0개
경기도 수원시 팔달구 우만동,107개,3개,1개,2개,5개
경기도 수원시 팔달구 인계동,109개,2개,0개,1개,3개
경기도 수원시 팔달구 장안동,2개,0개,0개,0개,0개
경기도 수원시 팔달구 중동,5개,0개,0개,0개,0개
경기도 수원시 팔달구 지동,28개,1개,0개,0개,2개
경기도 수원시 팔달구 팔달로1가,6개,0개,0개,0개,0개
경기도 수원시 팔달구 팔달로2가,6개,0개,0개,0개,0개
경기도 수원시 팔달구 팔달로3가,5개,0개,0개,0개,0개
경기도 수원시 팔달구 화서동,157개,5개,5개,3개,6개
경기도 시흥시 거모동,27개,0개,0개,0개,0개
경기도 시흥시 논곡동,1개,0개,0개,0개,0개
경기도 시흥시 능곡동,45개,0개,0개,0개,0개
경기도 시흥시 대야동,96개,0개,0개,0개,0개
경기도 시흥시 도창동,3개,1개,0개,0개,1개
경기도 시흥시 매화동,15개,0개,0개,0개,0개
경기도 시흥시 목감동,8개,0개,0개,0개,0개
경기도 시흥시 배곧동,255개,0개,0개,0개,0개
경기도 시흥시 산현동,18개,1개,0개,0개,1개
경기도 시흥시 신천동,55개,0개,0개,0개,0개
경기도 시흥시 월곶동,23개,1개,1개,0개,3개
경기도 시흥시 은행동,174개,2개,2개,2개,9개
경기도 시흥시 장곡동,78개,0개,0개,0개,0개
경기도 시흥시 장현동,18개,0개,0개,0개,0개
경기도 시흥시 정왕동,188개,3개,8개,6개,12개
경기도 시흥시 조남동,67개,2개,1개,1개,4개
경기도 시흥시 죽율동,9개,0개,0개,0개,0개
경기도 시흥시 포동,7개,0개,0개,0개,0개
경기도 시흥시 하상동,23개,0개,0개,0개,0개
경기도 시흥시 하중동,21개,0개,0개,0개,0개
경기도 안산시 단원구 고잔동,391개,7개,4개,4개,13개
경기도 안산시 단원구 대부북동,3개,1개,1개,1개,1개
경기도 안산시 단원구 선부동,88개,6개,4개,2개,10개
경기도 안산시 단원구 신길동,27개,3개,1개,1개,4개
경기도 안산시 단원구 와동,32개,3개,1개,2개,3개
경기도 안산시 단원구 원곡동,43개,2개,2개,1개,2개
경기도 안산시 단원구 초지동,114개,4개,2개,1개,9개
경기도 안산시 단원구 화정동,1개,0개,0개,0개,0개
경기도 안산시 상록구 건건동,29개,2개,0개,0개,3개
경기도 안산시 상록구 본오동,148개,5개,3개,3개,6개
경기도 안산시 상록구 부곡동,21개,3개,1개,2개,2개
경기도 안산시 상록구 사동,130개,7개,5개,1개,13개
경기도 안산시 상록구 성포동,48개,3개,1개,1개,3개
경기도 안산시 상록구 수암동,8개,1개,0개,0개,2개
경기도 안산시 상록구 월피동,62개,2개,2개,1개,3개
경기도 안산시 상록구 이동,56개,2개,0개,1개,4개
경기도 안산시 상록구 일동,33개,1개,1개,0개,3개
경기도 안산시 상록구 장상동,1개,0개,0개,0개,0개
경기도 안산시 상록구 팔곡이동,3개,1개,0개,0개,1개
경기도 안성시 가사동,2개,0개,0개,0개,0개
경기도 안성시 공도읍 마정리,2개,0개,0개,0개,0개
경기도 안성시 공도읍 만정리,60개,1개,2개,1개,3개
경기도 안성시 공도읍 승두리,1개,0개,0개,0개,0개
경기도 안성시 공도읍 양기리,9개,1개,0개,0개,2개
경기도 안성시 공도읍 용두리,27개,2개,0개,0개,5개
경기도 안성시 공도읍 진사리,29개,1개,1개,0개,3개
경기도 안성시 구포동,15개,0개,0개,0개,0개
경기도 안성시 금광면 신양복리,2개,0개,0개,0개,0개
경기도 안성시 금산동,28개,0개,0개,0개,0개
경기도 안성시 당왕동,38개,0개,0개,0개,0개
경기도 안성시 대덕면 건지리,2개,0개,0개,0개,0개
경기도 안성시 대덕면 내리,1개,1개,0개,0개,1개
경기도 안성시 대덕면 신령리,4개,1개,0개,0개,1개
경기도 안성시 대덕면 진현리,1개,1개,0개,0개,1개
경기도 안성시 대천동,5개,0개,0개,0개,0개
경기도 안성시 도기동,1개,0개,0개,0개,0개
경기도 안성시 미양면 구수리,1개,0개,0개,0개,0개
경기도 안성시 보개면 기좌리,1개,0개,0개,0개,0개
경기도 안성시 봉남동,2개,0개,0개,0개,0개
경기도 안성시 삼죽면 기솔리,1개,0개,0개,0개,0개
경기도 안성시 삼죽면 내강리,1개,0개,0개,0개,0개
경기도 안성시 삼죽면 진촌리,2개,0개,0개,0개,0개
경기도 안성시 서인동,1개,0개,0개,0개,0개
경기도 안성시 석정동,28개,0개,0개,0개,0개
경기도 안성시 숭인동,4개,0개,0개,0개,0개
경기도 안성시 신건지동,3개,0개,0개,0개,0개
경기도 안성시 신소현동,2개,0개,0개,0개,0개
경기도 안성시 아양동,3개,0개,0개,0개,0개
경기도 안성시 양성면 동항리,3개,1개,1개,0개,0개
경기도 안성시 연지동,19개,0개,0개,0개,0개
경기도 안성시 영동,1개,0개,0개,0개,0개
경기도 안성시 옥산동,9개,1개,0개,0개,1개
경기도 안성시 원곡면 성주리,1개,0개,0개,0개,0개
경기도 안성시 인지동,3개,0개,0개,0개,0개
경기도 안성시 일죽면 주천리,2개,1개,0개,0개,1개
경기도 안성시 일죽면 화봉리,1개,0개,0개,0개,0개
경기도 안성시 죽산면 장계리,1개,0개,0개,0개,0개
경기도 안성시 죽산면 죽산리,8개,1개,1개,1개,1개
경기도 안성시 중리동,1개,0개,0개,0개,0개
경기도 안양시 동안구 관양동,167개,6개,4개,3개,11개
경기도 안양시 동안구 비산동,164개,7개,3개,2개,13개
경기도 안양시 동안구 평촌동,424개,6개,2개,2개,9개
경기도 안양시 동안구 호계동,468개,7개,6개,2개,13개
경기도 안양시 만안구 박달동,73개,2개,1개,1개,3개
경기도 안양시 만안구 석수동,112개,5개,2개,1개,8개
경기도 안양시 만안구 안양동,254개,8개,6개,10개,17개
경기도 양주시 고암동,23개,1개,1개,1개,5개
경기도 양주시 고읍동,10개,0개,0개,0개,0개
경기도 양주시 광사동,52개,0개,0개,0개,0개
경기도 양주시 광적면 가납리,7개,1개,1개,0개,2개
경기도 양주시 광적면 덕도리,1개,1개,0개,0개,0개
경기도 양주시 광적면 석우리,4개,1개,0개,0개,1개
경기도 양주시 남면 상수리,1개,1개,0개,0개,0개
경기도 양주시 남면 신산리,3개,1개,1개,1개,1개
경기도 양주시 남방동,1개,0개,0개,0개,0개
경기도 양주시 덕계동,25개,0개,0개,0개,0개
경기도 양주시 덕정동,42개,0개,0개,0개,0개
경기도 양주시 만송동,6개,0개,0개,0개,0개
경기도 양주시 백석읍 가업리,5개,0개,0개,0개,0개
경기도 양주시 백석읍 방성리,1개,0개,0개,0개,0개
경기도 양주시 백석읍 복지리,17개,2개,1개,0개,3개
경기도 양주시 백석읍 연곡리,2개,1개,0개,0개,0개
경기도 양주시 백석읍 오산리,5개,1개,0개,1개,1개
경기도 양주시 백석읍 홍죽리,1개,0개,0개,0개,0개
경기도 양주시 산북동,1개,1개,0개,0개,0개
경기도 양주시 삼숭동,52개,1개,1개,1개,2개
경기도 양주시 옥정동,104개,2개,1개,2개,7개
경기도 양주시 율정동,2개,0개,0개,0개,0개
경기도 양주시 은현면 봉암리,2개,1개,0개,0개,1개
경기도 양주시 은현면 선암리,1개,1개,0개,0개,0개
경기도 양주시 장흥면 교현리,1개,1개,0개,0개,3개
경기도 양주시 장흥면 부곡리,2개,0개,0개,0개,0개
경기도 양주시 장흥면 일영리,1개,0개,0개,0개,0개
경기도 양주시 회암동,1개,0개,0개,0개,0개
경기도 양주시 회정동,6개,1개,0개,0개,1개
경기도 양평군 강상면 교평리,2개,0개,0개,0개,0개
경기도 양평군 강상면 병산리,4개,0개,0개,0개,0개
경기도 양평군 강상면 송학리,2개,0개,0개,0개,0개
경기도 양평군 강하면 운심리,2개,1개,0개,0개,1개
경기도 양평군 개군면,1개,0개,0개,0개,0개
경기도 양평군 단월면,1개,0개,0개,0개,0개
경기도 양평군 서종면 도장리,1개,0개,0개,0개,0개
경기도 양평군 서종면 문호리,19개,1개,1개,0개,1개
경기도 양평군 양동면 쌍학리,1개,0개,0개,0개,0개
경기도 양평군 양서면 국수리,1개,0개,0개,0개,0개
경기도 양평군 양서면 양수리,5개,0개,0개,0개,0개
경기도 양평군 양서면 용담리,3개,1개,1개,1개,1개
경기도 양평군 양평읍,17개,0개,0개,0개,0개
경기도 양평군 양평읍 공흥리,18개,0개,0개,0개,0개
경기도 양평군 양평읍 백안리,7개,0개,0개,0개,0개
경기도 양평군 양평읍 양근리,55개,1개,1개,2개,2개
경기도 양평군 옥천면 아신리,1개,0개,0개,0개,0개
경기도 양평군 옥천면 옥천리,9개,1개,0개,0개,1개
경기도 양평군 옥천면 용천리,1개,0개,0개,0개,0개
경기도 양평군 용문면,9개,0개,0개,0개,0개
경기도 양평군 용문면 다문리,19개,1개,0개,0개,1개
경기도 양평군 용문면 마룡리,1개,0개,0개,0개,0개
경기도 양평군 용문면 삼성리,2개,0개,0개,0개,0개
경기도 양평군 용문면 연수리,1개,0개,0개,0개,0개
경기도 양평군 지평면,1개,0개,0개,0개,0개
경기도 양평군 지평면 지평리,2개,1개,1개,1개,1개
경기도 양평군 청운면 용두리,2개,1개,1개,1개,1개
경기도 여주시 가남읍 신해리,3개,0개,0개,0개,0개
경기도 여주시 가남읍 심석리,3개,0개,0개,0개,0개
경기도 여주시 가남읍 태평리,16개,1개,0개,0개,2개
경기도 여주시 강천면 간매리,1개,1개,1개,0개,1개
경기도 여주시 교동,26개,1개,1개,1개,3개
경기도 여주시 대신면 율촌리,3개,1개,1개,1개,1개
경기도 여주시 매룡동,1개,0개,0개,0개,0개
경기도 여주시 북내면 당우리,1개,1개,0개,0개,1개
경기도 여주시 산북면 후리,1개,0개,0개,0개,0개
경기도 여주시 상동,14개,1개,1개,1개,1개
경기도 여주시 연양동,1개,0개,0개,0개,0개
경기도 여주시 오학동,20개,0개,0개,0개,0개
경기도 여주시 점봉동,2개,0개,0개,0개,0개
경기도 여주시 창동,11개,1개,0개,0개,1개
경기도 여주시 천송동,2개,0개,0개,0개,0개
경기도 여주시 하동,12개,0개,0개,0개,0개
경기도 여주시 현암동,12개,0개,0개,0개,0개
경기도 여주시 홍문동,30개,0개,0개,0개,0개
경기도 여주시 흥천면 효지리,1개,1개,1개,0개,1개
경기도 연천군 연천읍 옥산리,1개,0개,0개,0개,0개
경기도 연천군 연천읍 차탄리,2개,1개,0개,0개,1개
경기도 연천군 전곡읍 전곡리,36개,1개,1개,0개,3개
경기도 오산시 가수동,9개,0개,0개,0개,0개
경기도 오산시 갈곶동,26개,0개,0개,0개,0개
경기도 오산시 고현동,8개,1개,0개,0개,2개
경기도 오산시 궐동,21개,0개,0개,0개,0개
경기도 오산시 금암동,66개,0개,0개,0개,0개
경기도 오산시 내삼미동,11개,1개,0개,0개,3개
경기도 오산시 누읍동,6개,0개,0개,0개,0개
경기도 오산시 부산동,15개,0개,0개,0개,0개
경기도 오산시 서동,1개,0개,0개,0개,0개
경기도 오산시 세교동,4개,1개,1개,1개,2개
경기도 오산시 수청동,48개,0개,0개,0개,0개
경기도 오산시 양산동,10개,0개,0개,0개,0개
경기도 오산시 오산동,57개,1개,1개,0개,4개
경기도 오산시 외삼미동,14개,1개,0개,0개,2개
경기도 오산시 원동,106개,0개,0개,0개,0개
경기도 오산시 은계동,2개,0개,0개,0개,0개
경기도 오산시 지곶동,10개,1개,0개,0개,1개
경기도 오산시 청학동,4개,0개,0개,0개,0개
경기도 오산시 청호동,6개,0개,0개,0개,0개
경기도 오산시 탑동,1개,0개,0개,0개,0개
경기도 용인시 기흥구 고매동,3개,0개,0개,0개,0개
경기도 용인시 기흥구 공세동,26개,3개,0개,0개,5개
경기도 용인시 기흥구 구갈동,131개,5개,1개,1개,10개
경기도 용인시 기흥구 동백동,118개,3개,2개,2개,5개
경기도 용인시 기흥구 마북동,79개,4개,1개,1개,6개
경기도 용인시 기흥구 보라동,88개,2개,2개,1개,3개
경기도 용인시 기흥구 보정동,201개,3개,2개,1개,6개
경기도 용인시 기흥구 상갈동,23개,2개,1개,1개,2개
경기도 용인시 기흥구 상하동,35개,2개,1개,0개,3개
경기도 용인시 기흥구 서천동,64개,2개,1개,0개,5개
경기도 용인시 기흥구 신갈동,79개,3개,3개,1개,2개
경기도 용인시 기흥구 언남동,56개,2개,1개,0개,3개
경기도 용인시 기흥구 영덕동,128개,4개,1개,1개,9개
경기도 용인시 기흥구 중동,181개,4개,2개,1개,8개
경기도 용인시 기흥구 지곡동,10개,1개,0개,0개,3개
경기도 용인시 기흥구 청덕동,45개,1개,1개,1개,2개
경기도 용인시 기흥구 하갈동,5개,0개,0개,0개,0개
경기도 용인시 수지구 고기동,6개,1개,0개,0개,1개
경기도 용인시 수지구 동천동,135개,3개,2개,0개,3개
경기도 용인시 수지구 상현동,304개,7개,2개,2개,9개
경기도 용인시 수지구 성복동,96개,3개,2개,1개,3개
경기도 용인시 수지구 신봉동,134개,4개,2개,2개,8개
경기도 용인시 수지구 죽전동,231개,8개,4개,3개,11개
경기도 용인시 수지구 풍덕천동,342개,6개,4개,2개,12개
경기도 용인시 처인구 고림동,36개,1개,1개,2개,1개
경기도 용인시 처인구 김량장동,56개,2개,2개,0개,1개
경기도 용인시 처인구 남사읍 봉무리,3개,0개,0개,0개,0개
경기도 용인시 처인구 남사읍 아곡리,20개,0개,0개,0개,0개
경기도 용인시 처인구 남사읍 완장리,5개,0개,0개,0개,0개
경기도 용인시 처인구 남사읍 전궁리,1개,0개,0개,0개,0개
경기도 용인시 처인구 마평동,20개,1개,0개,0개,0개
경기도 용인시 처인구 모현읍,1개,3개,1개,1개,0개
경기도 용인시 처인구 모현읍 갈담리,1개,0개,0개,0개,0개
경기도 용인시 처인구 모현읍 능원리,13개,0개,0개,0개,0개
경기도 용인시 처인구 모현읍 오산리,1개,0개,0개,0개,0개
경기도 용인시 처인구 모현읍 왕산리,18개,0개,0개,0개,0개
경기도 용인시 처인구 모현읍 일산리,9개,0개,0개,0개,0개
경기도 용인시 처인구 백암면 고안리,1개,0개,0개,0개,0개
경기도 용인시 처인구 백암면 근창리,5개,0개,0개,0개,0개
경기도 용인시 처인구 삼가동,30개,1개,0개,0개,1개
경기도 용인시 처인구 양지면 남곡리,2개,0개,0개,0개,0개
경기도 용인시 처인구 양지면 대대리,2개,0개,0개,0개,0개
경기도 용인시 처인구 양지면 식금리,1개,0개,0개,0개,0개
경기도 용인시 처인구 양지면 양지리,26개,0개,0개,0개,0개
경기도 용인시 처인구 양지면 제일리,4개,0개,0개,0개,0개
경기도 용인시 처인구 양지면 주북리,1개,0개,0개,0개,0개
경기도 용인시 처인구 양지면 평창리,1개,0개,0개,0개,0개
경기도 용인시 처인구 역북동,100개,2개,0개,1개,4개
경기도 용인시 처인구 원삼면 두창리,1개,0개,0개,0개,0개
경기도 용인시 처인구 원삼면 좌항리,1개,0개,0개,0개,0개
경기도 용인시 처인구 원삼면 죽능리,4개,0개,0개,0개,0개
경기도 용인시 처인구 유방동,13개,1개,0개,0개,1개
경기도 용인시 처인구 이동읍 송전리,6개,0개,0개,0개,0개
경기도 용인시 처인구 이동읍 천리,17개,0개,0개,0개,0개
경기도 용인시 처인구 이동읍 화산리,1개,0개,0개,0개,0개
경기도 용인시 처인구 포곡읍 금어리,1개,0개,0개,0개,0개
경기도 용인시 처인구 포곡읍 둔전리,50개,0개,0개,0개,0개
경기도 용인시 처인구 포곡읍 삼계리,1개,0개,0개,0개,0개
경기도 용인시 처인구 포곡읍 영문리,1개,0개,0개,0개,0개
경기도 용인시 처인구 포곡읍 전대리,15개,0개,0개,0개,0개
경기도 의왕시 고천동,7개,0개,0개,0개,0개
경기도 의왕시 내손동,121개,1개,1개,1개,6개
경기도 의왕시 삼동,48개,1개,0개,1개,3개
경기도 의왕시 오전동,66개,1개,3개,0개,3개
경기도 의왕시 왕곡동,20개,0개,0개,0개,0개
경기도 의왕시 이동,1개,0개,0개,0개,0개
경기도 의왕시 청계동,12개,1개,1개,0개,2개
경기도 의왕시 포일동,38개,0개,0개,0개,0개
경기도 의왕시 학의동,5개,0개,0개,0개,0개
경기도 의정부시 가능동,66개,0개,0개,0개,0개
경기도 의정부시 고산동,9개,2개,0개,0개,1개
경기도 의정부시 금오동,70개,0개,0개,0개,0개
경기도 의정부시 낙양동,25개,0개,0개,0개,0개
경기도 의정부시 녹양동,49개,0개,0개,0개,0개
경기도 의정부시 민락동,217개,0개,0개,0개,0개
경기도 의정부시 산곡동,8개,0개,0개,0개,0개
경기도 의정부시 신곡동,245개,0개,0개,0개,0개
경기도 의정부시 용현동,41개,1개,1개,1개,5개
경기도 의정부시 의정부동,111개,2개,0개,1개,5개
경기도 의정부시 장암동,37개,0개,0개,0개,0개
경기도 의정부시 호원동,179개,1개,2개,1개,9개
경기도 이천시 갈산동,74개,0개,0개,0개,0개
경기도 이천시 관고동,12개,0개,0개,0개,0개
경기도 이천시 대월면 대대리,1개,0개,0개,0개,0개
경기도 이천시 대월면 대흥리,1개,0개,0개,0개,0개
경기도 이천시 대월면 사동리,13개,1개,1개,0개,0개
경기도 이천시 대월면 초지리,3개,1개,1개,0개,0개
경기도 이천시 마장면 양촌리,2개,0개,0개,0개,0개
경기도 이천시 마장면 오천리,15개,1개,0개,0개,1개
경기도 이천시 마장면 이치리,1개,0개,0개,0개,0개
경기도 이천시 마장면 장암리,1개,0개,0개,0개,0개
경기도 이천시 마장면 표교리,2개,0개,0개,0개,0개
경기도 이천시 모가면 진가리,2개,1개,0개,0개,1개
경기도 이천시 백사면 모전리,7개,0개,0개,0개,0개
경기도 이천시 백사면 현방리,6개,1개,0개,0개,1개
경기도 이천시 부발읍 무촌리,12개,1개,1개,0개,1개
경기도 이천시 부발읍 신하리,41개,1개,0개,0개,1개
경기도 이천시 부발읍 아미리,31개,1개,0개,0개,2개
경기도 이천시 부발읍 응암리,5개,0개,0개,0개,0개
경기도 이천시 설성면 금당리,1개,0개,0개,0개,0개
경기도 이천시 설성면 제요리,1개,0개,0개,0개,0개
경기도 이천시 송정동,44개,0개,0개,0개,0개
경기도 이천시 신둔면 고척리,1개,0개,0개,0개,0개
경기도 이천시 신둔면 도암리,4개,1개,0개,0개,1개
경기도 이천시 신둔면 수광리,2개,1개,0개,0개,1개
경기도 이천시 신둔면 수하리,2개,0개,0개,0개,0개
경기도 이천시 신둔면 용면리,1개,0개,0개,0개,0개
경기도 이천시 안흥동,5개,1개,1개,1개,2개
경기도 이천시 장호원읍 노탑리,2개,0개,0개,0개,0개
경기도 이천시 장호원읍 오남리,2개,0개,0개,0개,0개
경기도 이천시 장호원읍 이황리,1개,1개,0개,0개,1개
경기도 이천시 장호원읍 장호원리,16개,0개,0개,0개,0개
경기도 이천시 장호원읍 진암리,3개,1개,0개,0개,0개
경기도 이천시 중리동,24개,0개,0개,0개,0개
경기도 이천시 증일동,1개,0개,0개,0개,0개
경기도 이천시 증포동,101개,1개,1개,1개,3개
경기도 이천시 진리동,2개,0개,0개,0개,0개
경기도 이천시 창전동,91개,2개,1개,0개,2개
경기도 이천시 호법면 후안리,4개,1개,0개,0개,1개
경기도 파주시 검산동,6개,0개,0개,0개,0개
경기도 파주시 광탄면 방축리,1개,0개,0개,0개,0개
경기도 파주시 광탄면 신산리,4개,1개,1개,1개,1개
경기도 파주시 교하동,1개,0개,0개,0개,0개
경기도 파주시 금릉동,13개,0개,0개,0개,0개
경기도 파주시 금촌동,110개,0개,0개,0개,0개
경기도 파주시 다율동,10개,0개,0개,0개,0개
경기도 파주시 동패동,163개,2개,3개,2개,8개
경기도 파주시 목동동,186개,0개,0개,0개,0개
경기도 파주시 문발동,22개,0개,0개,0개,0개
경기도 파주시 문산읍 당동리,38개,1개,1개,2개,1개
경기도 파주시 문산읍 문산리,35개,2개,1개,0개,2개
경기도 파주시 문산읍 선유리,16개,1개,1개,0개,3개
경기도 파주시 문산읍 임진리,1개,0개,0개,0개,0개
경기도 파주시 법원읍 대능리,5개,0개,0개,0개,0개
경기도 파주시 법원읍 법원리,5개,1개,1개,1개,1개
경기도 파주시 산남동,1개,0개,0개,0개,0개
경기도 파주시 상지석동,1개,0개,0개,0개,0개
경기도 파주시 신촌동,1개,0개,0개,0개,0개
경기도 파주시 아동동,17개,0개,0개,0개,0개
경기도 파주시 야당동,90개,1개,2개,1개,7개
경기도 파주시 야동동,3개,0개,0개,0개,0개
경기도 파주시 오도동,1개,0개,0개,0개,0개
경기도 파주시 와동동,108개,2개,2개,1개,8개
경기도 파주시 월롱면 도내리,1개,0개,0개,0개,0개
경기도 파주시 적성면 마지리,4개,1개,0개,1개,1개
경기도 파주시 조리읍 대원리,11개,1개,0개,0개,4개
경기도 파주시 조리읍 봉일천리,34개,1개,1개,1개,1개
경기도 파주시 탄현면 대동리,1개,0개,0개,0개,0개
경기도 파주시 탄현면 법흥리,10개,1개,0개,0개,1개
경기도 파주시 파주읍 백석리,1개,0개,0개,0개,0개
경기도 파주시 파주읍 봉서리,2개,0개,0개,0개,0개
경기도 파주시 파주읍 연풍리,2개,1개,1개,1개,1개
경기도 파주시 파주읍 파주리,4개,1개,0개,0개,1개
경기도 파주시 파평면 눌노리,1개,1개,0개,0개,1개
경기도 평택시 가재동,5개,0개,0개,0개,0개
경기도 평택시 고덕면 궁리,17개,0개,0개,0개,0개
경기도 평택시 고덕면 두릉리,2개,0개,0개,0개,0개
경기도 평택시 고덕면 문곡리,1개,0개,0개,0개,0개
경기도 평택시 고덕면 여염리,12개,1개,0개,0개,2개
경기도 평택시 군문동,4개,0개,0개,0개,0개
경기도 평택시 독곡동,18개,0개,0개,0개,0개
경기도 평택시 동삭동,34개,2개,0개,0개,2개
경기도 평택시 모곡동,1개,0개,0개,0개,0개
경기도 평택시 비전동,241개,2개,6개,6개,13개
경기도 평택시 서정동,64개,0개,0개,0개,0개
경기도 평택시 서탄면 금암리,2개,1개,0개,0개,1개
경기도 평택시 세교동,40개,0개,0개,0개,0개
경기도 평택시 소사동,8개,0개,0개,0개,0개
경기도 평택시 신장동,4개,0개,0개,0개,0개
경기도 평택시 안중읍 금곡리,1개,0개,0개,0개,0개
경기도 평택시 안중읍 송담리,10개,0개,0개,0개,0개
경기도 평택시 안중읍 안중리,3개,1개,0개,1개,2개
경기도 평택시 안중읍 현화리,73개,3개,3개,2개,4개
경기도 평택시 오성면 숙성리,6개,0개,0개,0개,0개
경기도 평택시 용이동,100개,0개,0개,0개,0개
경기도 평택시 이충동,78개,0개,0개,0개,0개
경기도 평택시 장당동,14개,0개,0개,0개,0개
경기도 평택시 장안동,10개,0개,0개,0개,0개
경기도 평택시 죽백동,13개,0개,0개,0개,0개
경기도 평택시 지산동,31개,0개,0개,0개,0개
경기도 평택시 지제동,3개,0개,0개,0개,0개
경기도 평택시 진위면 가곡리,1개,0개,0개,0개,0개
경기도 평택시 진위면 갈곶리,3개,1개,0개,0개,1개
경기도 평택시 진위면 견산리,1개,0개,0개,0개,0개
경기도 평택시 진위면 봉남리,1개,1개,0개,0개,1개
경기도 평택시 진위면 하북리,1개,0개,0개,0개,0개
경기도 평택시 청북읍 옥길리,35개,2개,1개,1개,7개
경기도 평택시 칠원동,17개,1개,0개,0개,1개
경기도 평택시 통복동,8개,0개,0개,0개,0개
경기도 평택시 팽성읍 객사리,4개,1개,0개,0개,2개
경기도 평택시 팽성읍 남산리,1개,0개,0개,0개,0개
경기도 평택시 팽성읍 노와리,1개,0개,0개,0개,0개
경기도 평택시 팽성읍 송화리,12개,2개,1개,1개,3개
경기도 평택시 팽성읍 안정리,3개,0개,0개,0개,0개
경기도 평택시 평택동,33개,0개,0개,0개,0개
경기도 평택시 포승읍 내기리,7개,1개,0개,0개,1개
경기도 평택시 포승읍 도곡리,13개,1개,1개,0개,2개
경기도 평택시 포승읍 원정리,7개,1개,0개,0개,2개
경기도 평택시 합정동,87개,1개,0개,1개,2개
경기도 포천시 가산면 마산리,1개,1개,0개,0개,1개
경기도 포천시 가산면 정교리,2개,1개,0개,0개,0개
경기도 포천시 관인면 탄동리,1개,1개,1개,1개,1개
경기도 포천시 군내면 구읍리,1개,0개,0개,0개,0개
경기도 포천시 군내면 유교리,1개,0개,0개,0개,0개
경기도 포천시 군내면 좌의리,1개,0개,0개,0개,0개
경기도 포천시 선단동,4개,0개,0개,0개,0개
경기도 포천시 소흘읍 고모리,1개,0개,0개,0개,0개
경기도 포천시 소흘읍 송우리,58개,4개,3개,2개,2개
경기도 포천시 소흘읍 이곡리,1개,1개,0개,0개,2개
경기도 포천시 소흘읍 이동교리,1개,1개,0개,0개,2개
경기도 포천시 소흘읍 직동리,1개,0개,0개,0개,0개
경기도 포천시 소흘읍 초가팔리,4개,0개,0개,0개,0개
경기도 포천시 신북면 가채리,1개,1개,2개,0개,1개
경기도 포천시 신북면 기지리,2개,0개,0개,0개,0개
경기도 포천시 신읍동,38개,0개,0개,0개,0개
경기도 포천시 영북면 운천리,9개,1개,1개,1개,1개
경기도 포천시 영중면 양문리,2개,0개,0개,0개,0개
경기도 포천시 영중면 영평리,1개,1개,0개,0개,1개
경기도 포천시 이동면 장암리,3개,1개,1개,0개,0개
경기도 포천시 일동면 기산리,16개,1개,1개,1개,1개
경기도 포천시 창수면 오가리,1개,0개,0개,0개,0개
경기도 포천시 창수면 추동리,1개,1개,0개,0개,1개
경기도 하남시 감이동,27개,0개,0개,0개,0개
경기도 하남시 감일동,7개,1개,0개,0개,1개
경기도 하남시 덕풍동,85개,0개,0개,0개,0개
경기도 하남시 망월동,228개,1개,2개,2개,7개
경기도 하남시 미사동,3개,0개,0개,0개,0개
경기도 하남시 선동,3개,0개,0개,0개,0개
경기도 하남시 신장동,122개,0개,0개,0개,0개
경기도 하남시 창우동,20개,0개,0개,0개,0개
경기도 하남시 풍산동,107개,0개,0개,0개,0개
경기도 하남시 학암동,11개,2개,1개,1개,3개
경기도 화성시 금곡동,3개,0개,0개,0개,0개
경기도 화성시 기산동,24개,0개,0개,0개,0개
경기도 화성시 기안동,33개,0개,0개,0개,0개
경기도 화성시 남양읍 남양리,59개,3개,2개,1개,5개
경기도 화성시 남양읍 신남리,2개,0개,0개,0개,0개
경기도 화성시 남양읍 활초리,1개,0개,0개,0개,0개
경기도 화성시 능동,132개,1개,2개,1개,8개
경기도 화성시 동탄면,1개,0개,0개,0개,0개
경기도 화성시 마도면 석교리,1개,1개,1개,0개,1개
경기도 화성시 마도면 슬항리,1개,0개,0개,0개,0개
경기도 화성시 매송면 원평리,6개,1개,0개,0개,1개
경기도 화성시 목동,52개,2개,0개,1개,6개
경기도 화성시 반송동,463개,0개,0개,0개,0개
경기도 화성시 반월동,82개,1개,2개,1개,6개
경기도 화성시 병점동,169개,2개,2개,2개,13개
경기도 화성시 봉담읍 동화리,74개,3개,2개,1개,5개
경기도 화성시 봉담읍 분천리,1개,0개,0개,0개,0개
경기도 화성시 봉담읍 상리,19개,1개,1개,0개,3개
경기도 화성시 봉담읍 수영리,17개,2개,1개,0개,2개
경기도 화성시 봉담읍 와우리,56개,1개,0개,0개,1개
경기도 화성시 봉담읍 유리,2개,1개,0개,0개,1개
경기도 화성시 비봉면 양노리,3개,0개,0개,0개,0개
경기도 화성시 비봉면 자안리,1개,0개,0개,0개,0개
경기도 화성시 산척동,197개,1개,0개,0개,8개
경기도 화성시 새솔동,45개,2개,1개,0개,4개
경기도 화성시 서신면 상안리,1개,0개,0개,0개,0개
경기도 화성시 석우동,13개,0개,0개,0개,0개
경기도 화성시 송동,27개,0개,0개,0개,0개
경기도 화성시 송산동,20개,0개,0개,0개,0개
경기도 화성시 송산면 봉가리,1개,0개,0개,0개,0개
경기도 화성시 송산면 사강리,15개,1개,1개,1개,1개
경기도 화성시 안녕동,7개,0개,0개,0개,0개
경기도 화성시 양감면 신왕리,1개,1개,1개,0개,0개
경기도 화성시 영천동,127개,1개,1개,1개,11개
경기도 화성시 오산동,88개,1개,1개,1개,4개
경기도 화성시 우정읍,1개,0개,0개,0개,0개
경기도 화성시 우정읍 조암리,17개,1개,1개,1개,2개
경기도 화성시 우정읍 화산리,2개,0개,0개,0개,0개
경기도 화성시 장안면 사곡리,1개,0개,0개,0개,0개
경기도 화성시 장안면 어은리,4개,1개,0개,0개,1개
경기도 화성시 장안면 장안리,1개,2개,0개,0개,0개
경기도 화성시 장지동,45개,1개,1개,1개,6개
경기도 화성시 정남면 괘랑리,1개,0개,0개,0개,0개
경기도 화성시 정남면 발산리,2개,1개,0개,0개,1개
경기도 화성시 정남면 수면리,1개,0개,0개,0개,0개
경기도 화성시 정남면 신리,4개,0개,0개,0개,0개
경기도 화성시 진안동,51개,0개,0개,0개,0개
경기도 화성시 청계동,228개,3개,2개,1개,12개
경기도 화성시 팔탄면 기천리,1개,0개,0개,0개,0개
경기도 화성시 향남읍 발안리,15개,1개,0개,0개,1개
경기도 화성시 향남읍 상신리,3개,1개,0개,0개,4개
경기도 화성시 향남읍 평리,6개,0개,0개,0개,0개
경기도 화성시 향남읍 하길리,41개,2개,1개,1개,4개
경기도 화성시 향남읍 행정리,117개,4개,1개,2개,5개
서울특별시 강남구 개포동,178개,5개,2개,4개,4개
서울특별시 강남구 논현동,174개,2개,1개,0개,3개
서울특별시 강남구 대치동,1558개,4개,4개,3개,4개
서울특별시 강남구 도곡동,164개,2개,4개,3개,3개
서울특별시 강남구 반포동,1개,0개,0개,0개,0개
서울특별시 강남구 삼성동,139개,2개,2개,1개,1개
서울특별시 강남구 세곡동,40개,2개,0개,0개,4개
서울특별시 강남구 수서동,28개,2개,2개,2개,3개
서울특별시 강남구 신사동,461개,1개,1개,0개,1개
서울특별시 강남구 압구정동,41개,1개,2개,3개,1개
서울특별시 강남구 역삼동,408개,2개,2개,1개,1개
서울특별시 강남구 율현동,3개,0개,0개,0개,0개
서울특별시 강남구 일원동,98개,4개,1개,3개,3개
서울특별시 강남구 자곡동,37개,2개,1개,1개,2개
서울특별시 강남구 청담동,128개,2개,1개,1개,2개
서울특별시 강동구 강일동,68개,3개,3개,1개,3개
서울특별시 강동구 고덕동,101개,4개,3개,3개,3개
서울특별시 강동구 길동,96개,3개,1개,0개,4개
서울특별시 강동구 둔촌동,72개,2개,3개,2개,2개
서울특별시 강동구 명일동,332개,3개,0개,1개,5개
서울특별시 강동구 상일동,60개,4개,2개,5개,6개
서울특별시 강동구 성내동,189개,2개,1개,0개,2개
서울특별시 강동구 암사동,196개,3개,2개,1개,3개
서울특별시 강동구 천호동,127개,3개,4개,1개,4개
서울특별시 강북구 미아동,257개,7개,6개,6개,7개
서울특별시 강북구 번2동,1개,0개,0개,0개,0개
서울특별시 강북구 번동,65개,3개,2개,0개,3개
서울특별시 강북구 수유동,118개,4개,4개,1개,8개
서울특별시 강북구 우이동,6개,0개,0개,0개,0개
서울특별시 강서구 가양동,43개,3개,2개,3개,9개
서울특별시 강서구 공항동,16개,1개,2개,0개,2개
서울특별시 강서구 내발산동,280개,3개,4개,8개,5개
서울특별시 강서구 등촌동,188개,8개,5개,6개,8개
서울특별시 강서구 마곡동,193개,4개,2개,2개,4개
서울특별시 강서구 방화동,109개,5개,3개,2개,8개
서울특별시 강서구 염창동,134개,3개,2개,0개,1개
서울특별시 강서구 외발산동,1개,0개,0개,0개,0개
서울특별시 강서구 화곡동,343개,8개,2개,2개,13개
서울특별시 관악구 남현동,28개,1개,0개,0개,2개
서울특별시 관악구 봉천동,423개,10개,7개,9개,17개
서울특별시 관악구 신림동,328개,11개,9개,8개,13개
서울특별시 광진구 광장동,104개,3개,3개,1개,5개
서울특별시 광진구 구의동,244개,3개,1개,1개,5개
서울특별시 광진구 군자동,26개,2개,0개,0개,2개
서울특별시 광진구 능동,14개,1개,0개,1개,2개
서울특별시 광진구 자양동,219개,7개,4개,2개,11개
서울특별시 광진구 중곡동,141개,4개,2개,3개,3개
서울특별시 광진구 화양동,26개,2개,2개,1개,1개
서울특별시 구로구 가리봉동,6개,1개,0개,0개,0개
서울특별시 구로구 개봉동,149개,4개,3개,0개,6개
서울특별시 구로구 고척동,117개,5개,2개,2개,2개
서울특별시 구로구 구로동,209개,7개,4개,3개,10개
서울특별시 구로구 궁동,23개,0개,0개,0개,0개
서울특별시 구로구 신도림동,109개,2개,1개,1개,3개
서울특별시 구로구 오류동,64개,3개,1개,1개,6개
서울특별시 구로구 온수동,13개,1개,0개,0개,1개
서울특별시 구로구 천왕동,46개,2개,1개,0개,2개
서울특별시 구로구 항동,24개,1개,1개,1개,1개
서울특별시 금천구 가산동,37개,0개,0개,0개,0개
서울특별시 금천구 독산동,142개,9개,5개,1개,8개
서울특별시 금천구 시흥동,191개,9개,4개,5개,8개
서울특별시 노원구 공릉동,159개,7개,3개,2개,11개
서울특별시 노원구 상계동,491개,17개,9개,6개,21개
서울특별시 노원구 월계동,90개,6개,5개,5개,10개
서울특별시 노원구 중계동,609개,9개,6개,9개,9개
서울특별시 노원구 하계동,88개,3개,3개,3개,5개
서울특별시 도봉구 도봉동,42개,3개,2개,2개,3개
서울특별시 도봉구 방학동,138개,5개,3개,1개,6개
서울특별시 도봉구 쌍문동,186개,6개,5개,4개,7개
서울특별시 도봉구 창동,246개,9개,3개,3개,10개
서울특별시 동대문구 답십리동,97개,3개,1개,0개,4개
서울특별시 동대문구 신설동,15개,0개,0개,0개,0개
서울특별시 동대문구 용두동,23개,1개,0개,0개,1개
서울특별시 동대문구 이문동,67개,1개,1개,1개,3개
서울특별시 동대문구 장안동,202개,4개,2개,1개,6개
서울특별시 동대문구 전농동,101개,4개,3개,2개,4개
서울특별시 동대문구 제기동,35개,2개,2개,1개,2개
서울특별시 동대문구 청량리동,25개,1개,1개,1개,1개
서울특별시 동대문구 회기동,14개,3개,1개,1개,2개
서울특별시 동대문구 휘경동,52개,2개,3개,3개,3개
서울특별시 동작구 노량진동,183개,1개,0개,0개,4개
서울특별시 동작구 대방동,158개,3개,4개,4개,1개
서울특별시 동작구 동작동,5개,0개,0개,0개,0개
서울특별시 동작구 본동,17개,2개,0개,0개,2개
서울특별시 동작구 사당동,205개,6개,3개,1개,6개
서울특별시 동작구 상도1동,25개,1개,0개,0개,2개
서울특별시 동작구 상도동,190개,3개,4개,0개,6개
서울특별시 동작구 신대방동,89개,2개,2개,1개,3개
서울특별시 동작구 흑석동,59개,3개,2개,0개,5개
서울특별시 마포구 공덕동,45개,1개,0개,0개,1개
서울특별시 마포구 구수동,14개,0개,0개,0개,0개
서울특별시 마포구 노고산동,41개,1개,1개,0개,1개
서울특별시 마포구 당인동,2개,0개,0개,0개,0개
서울특별시 마포구 대흥동,95개,1개,1개,1개,2개
서울특별시 마포구 도화동,61개,1개,0개,0개,3개
서울특별시 마포구 동교동,54개,0개,0개,0개,0개
서울특별시 마포구 마포동,1개,0개,0개,0개,0개
서울특별시 마포구 망원동,82개,2개,0개,0개,1개
서울특별시 마포구 상수동,13개,1개,0개,0개,0개
서울특별시 마포구 상암동,103개,3개,1개,1개,5개
서울특별시 마포구 서교동,144개,1개,0개,0개,1개
서울특별시 마포구 성산동,105개,4개,3개,1개,4개
서울특별시 마포구 신공덕동,19개,0개,0개,0개,0개
서울특별시 마포구 신수동,34개,1개,2개,1개,1개
서울특별시 마포구 아현동,62개,2개,1개,2개,1개
서울특별시 마포구 연남동,18개,0개,0개,0개,0개
서울특별시 마포구 염리동,73개,2개,2개,2개,2개
서울특별시 마포구 용강동,18개,0개,0개,0개,0개
서울특별시 마포구 중동,29개,1개,1개,0개,0개
서울특별시 마포구 창전동,67개,0개,0개,0개,0개
서울특별시 마포구 토정동,1개,0개,0개,0개,0개
서울특별시 마포구 하중동,1개,0개,0개,0개,0개
서울특별시 마포구 합정동,33개,1개,1개,0개,1개
서울특별시 마포구 현석동,12개,0개,0개,0개,0개
서울특별시 서대문구 남가좌동,84개,2개,1개,0개,4개
서울특별시 서대문구 냉천동,16개,0개,0개,0개,0개
서울특별시 서대문구 대신동,4개,1개,1개,1개,0개
서울특별시 서대문구 대현동,20개,1개,0개,0개,2개
서울특별시 서대문구 북가좌동,136개,1개,1개,1개,3개
서울특별시 서대문구 북아현동,43개,2개,2개,2개,1개
서울특별시 서대문구 연희동,68개,1개,3개,0개,1개
서울특별시 서대문구 영천동,9개,0개,0개,0개,0개
서울특별시 서대문구 옥천동,2개,0개,0개,0개,0개
서울특별시 서대문구 창천동,53개,1개,0개,0개,1개
서울특별시 서대문구 천연동,9개,1개,1개,0개,1개
서울특별시 서대문구 충정로2가,4개,1개,1개,1개,0개
서울특별시 서대문구 충정로3가,1개,0개,0개,0개,0개
서울특별시 서대문구 합동,1개,0개,0개,0개,0개
서울특별시 서대문구 현저동,15개,0개,0개,0개,0개
서울특별시 서대문구 홍은동,117개,3개,3개,1개,3개
서울특별시 서대문구 홍제동,142개,4개,1개,0개,5개
서울특별시 서초구 내곡동,19개,1개,0개,0개,1개
서울특별시 서초구 반포동,457개,5개,5개,3개,3개
서울특별시 서초구 방배동,387개,5개,3개,4개,4개
서울특별시 서초구 서초동,532개,6개,3개,3개,6개
서울특별시 서초구 신원동,10개,0개,0개,0개,0개
서울특별시 서초구 양재동,101개,2개,1개,1개,3개
서울특별시 서초구 염곡동,1개,0개,0개,0개,0개
서울특별시 서초구 우면동,69개,3개,1개,0개,5개
서울특별시 서초구 잠원동,288개,2개,2개,0개,2개
서울특별시 성동구 금호동1가,43개,1개,0개,1개,1개
서울특별시 성동구 금호동2가,19개,1개,0개,0개,1개
서울특별시 성동구 금호동3가,14개,0개,0개,0개,0개
서울특별시 성동구 금호동4가,26개,2개,0개,0개,2개
서울특별시 성동구 도선동,10개,0개,0개,0개,0개
서울특별시 성동구 마장동,25개,2개,2개,0개,4개
서울특별시 성동구 사근동,2개,2개,1개,1개,2개
서울특별시 성동구 상왕십리동,14개,0개,0개,0개,0개
서울특별시 성동구 성수동1가,57개,2개,2개,2개,3개
서울특별시 성동구 성수동2가,33개,2개,2개,1개,2개
서울특별시 성동구 송정동,7개,1개,0개,0개,1개
서울특별시 성동구 옥수동,58개,2개,1개,1개,4개
서울특별시 성동구 용답동,11개,1개,0개,0개,1개
서울특별시 성동구 응봉동,23개,1개,1개,0개,1개
서울특별시 성동구 하왕십리동,64개,2개,0개,1개,2개
서울특별시 성동구 행당동,133개,2개,2개,2개,2개
서울특별시 성동구 홍익동,4개,0개,0개,0개,0개
서울특별시 성북구 길음동,145개,3개,1개,1개,7개
서울특별시 성북구 돈암동,97개,4개,3개,1개,9개
서울특별시 성북구 동선동1가,8개,0개,0개,0개,0개
서울특별시 성북구 동선동3가,1개,0개,0개,0개,0개
서울특별시 성북구 동선동4가,8개,0개,0개,0개,0개
서울특별시 성북구 동선동5가,17개,0개,0개,0개,0개
서울특별시 성북구 동소문동1가,8개,0개,0개,0개,0개
서울특별시 성북구 동소문동2가,6개,0개,0개,0개,0개
서울특별시 성북구 동소문동3가,16개,0개,0개,0개,0개
서울특별시 성북구 동소문동4가,27개,0개,0개,0개,0개
서울특별시 성북구 동소문동5가,15개,0개,0개,0개,0개
서울특별시 성북구 동소문동6가,29개,1개,0개,0개,1개
서울특별시 성북구 동소문동7가,27개,1개,0개,0개,1개
서울특별시 성북구 보문동1가,1개,0개,0개,0개,0개
서울특별시 성북구 보문동2가,7개,0개,0개,0개,0개
서울특별시 성북구 보문동4가,1개,0개,0개,0개,0개
서울특별시 성북구 보문동5가,3개,0개,0개,0개,0개
서울특별시 성북구 보문동6가,5개,0개,0개,0개,0개
서울특별시 성북구 보문동7가,3개,1개,0개,0개,0개
서울특별시 성북구 삼선동2가,10개,0개,0개,0개,0개
서울특별시 성북구 삼선동3가,15개,1개,0개,1개,1개
서울특별시 성북구 삼선동4가,4개,0개,0개,0개,0개
서울특별시 성북구 삼선동5가,2개,0개,0개,0개,0개
서울특별시 성북구 상월곡동,14개,0개,0개,0개,0개
서울특별시 성북구 석관동,49개,2개,1개,1개,3개
서울특별시 성북구 성북동,10개,1개,2개,2개,2개
서울특별시 성북구 성북동1가,3개,0개,0개,0개,0개
서울특별시 성북구 안암동1가,4개,0개,0개,0개,0개
서울특별시 성북구 안암동2가,4개,1개,1개,1개,0개
서울특별시 성북구 안암동3가,2개,0개,0개,0개,0개
서울특별시 성북구 안암동5가,1개,0개,0개,0개,0개
서울특별시 성북구 장위동,61개,5개,2개,0개,5개
서울특별시 성북구 정릉동,148개,4개,2개,2개,5개
서울특별시 성북구 종암동,100개,2개,2개,1개,3개
서울특별시 성북구 하월곡동,94개,2개,1개,1개,2개
서울특별시 송파구 가락동,216개,6개,4개,0개,5개
서울특별시 송파구 거여동,81개,2개,1개,1개,4개
서울특별시 송파구 마천동,53개,2개,0개,0개,2개
서울특별시 송파구 문정동,166개,3개,1개,1개,1개
서울특별시 송파구 방이동,263개,4개,5개,4개,5개
서울특별시 송파구 삼전동,133개,1개,1개,1개,1개
서울특별시 송파구 석촌동,117개,1개,0개,0개,1개
서울특별시 송파구 송파동,163개,2개,2개,3개,5개
서울특별시 송파구 신천동,108개,3개,1개,1개,2개
서울특별시 송파구 오금동,150개,3개,4개,2개,2개
서울특별시 송파구 잠실동,291개,7개,4개,4개,6개
서울특별시 송파구 장지동,119개,3개,2개,1개,6개
서울특별시 송파구 풍납동,82개,3개,3개,1개,4개
서울특별시 양천구 목동,1041개,8개,6개,4개,14개
서울특별시 양천구 신월동,227개,8개,8개,3개,5개
서울특별시 양천구 신정동,855개,14개,5개,8개,18개
서울특별시 영등포구 당산동,8개,1개,1개,0개,1개
서울특별시 영등포구 당산동1가,7개,0개,0개,0개,0개
서울특별시 영등포구 당산동2가,10개,0개,0개,0개,0개
서울특별시 영등포구 당산동3가,12개,0개,0개,0개,0개
서울특별시 영등포구 당산동4가,30개,0개,0개,0개,0개
서울특별시 영등포구 당산동5가,59개,1개,1개,0개,1개
서울특별시 영등포구 당산동6가,6개,0개,0개,0개,0개
서울특별시 영등포구 대림동,76개,5개,2개,0개,7개
서울특별시 영등포구 도림동,31개,0개,0개,0개,0개
서울특별시 영등포구 문래동1가,5개,1개,0개,0개,1개
서울특별시 영등포구 문래동2가,7개,0개,0개,0개,0개
서울특별시 영등포구 문래동3가,39개,1개,1개,0개,0개
서울특별시 영등포구 문래동4가,5개,0개,0개,0개,0개
서울특별시 영등포구 문래동5가,6개,0개,0개,0개,0개
서울특별시 영등포구 문래동6가,21개,1개,1개,0개,0개
서울특별시 영등포구 신길동,207개,6개,2개,4개,10개
서울특별시 영등포구 양평동1가,13개,0개,0개,0개,0개
서울특별시 영등포구 양평동2가,6개,0개,0개,0개,0개
서울특별시 영등포구 양평동3가,26개,2개,1개,0개,2개
서울특별시 영등포구 양평동4가,13개,1개,0개,2개,0개
서울특별시 영등포구 양평동5가,17개,0개,0개,0개,0개
서울특별시 영등포구 여의도동,115개,2개,2개,2개,5개
서울특별시 영등포구 영등포동,28개,1개,1개,0개,1개
서울특별시 영등포구 영등포동1가,6개,0개,0개,0개,0개
서울특별시 영등포구 영등포동2가,1개,0개,0개,0개,0개
서울특별시 영등포구 영등포동3가,9개,0개,0개,0개,0개
서울특별시 영등포구 영등포동4가,8개,0개,0개,0개,0개
서울특별시 영등포구 영등포동5가,6개,0개,0개,0개,0개
서울특별시 영등포구 영등포동6가,8개,0개,0개,0개,0개
서울특별시 영등포구 영등포동7가,12개,1개,0개,0개,1개
서울특별시 영등포구 영등포동8가,14개,0개,0개,0개,0개
서울특별시 용산구 갈월동,13개,0개,0개,0개,0개
서울특별시 용산구 남영동,1개,0개,0개,0개,0개
서울특별시 용산구 도원동,16개,0개,0개,0개,0개
서울특별시 용산구 동빙고동,8개,0개,0개,0개,0개
서울특별시 용산구 동자동,4개,0개,0개,0개,0개
서울특별시 용산구 문배동,4개,0개,0개,0개,0개
서울특별시 용산구 보광동,15개,0개,0개,0개,0개
서울특별시 용산구 산천동,21개,1개,0개,0개,2개
서울특별시 용산구 서계동,3개,0개,0개,0개,0개
서울특별시 용산구 서빙고동,6개,1개,1개,0개,1개
서울특별시 용산구 신창동,1개,0개,0개,0개,0개
서울특별시 용산구 용문동,3개,0개,0개,0개,0개
서울특별시 용산구 용산동,1개,0개,0개,0개,0개
서울특별시 용산구 용산동2가,7개,1개,2개,2개,0개
서울특별시 용산구 용산동6가,1개,0개,0개,0개,0개
서울특별시 용산구 원효로1가,9개,0개,0개,0개,0개
서울특별시 용산구 원효로2가,7개,1개,0개,0개,1개
서울특별시 용산구 원효로4가,2개,0개,0개,0개,0개
서울특별시 용산구 이촌동,40개,1개,1개,1개,5개
서울특별시 용산구 이태원동,10개,2개,0개,1개,0개
서울특별시 용산구 청파동1가,3개,0개,0개,0개,0개
서울특별시 용산구 청파동2가,5개,1개,0개,0개,1개
서울특별시 용산구 청파동3가,4개,1개,2개,2개,0개
서울특별시 용산구 한강로1가,3개,0개,0개,0개,0개
서울특별시 용산구 한강로2가,3개,1개,0개,0개,0개
서울특별시 용산구 한강로3가,4개,1개,0개,1개,0개
서울특별시 용산구 한남동,18개,1개,0개,0개,1개
서울특별시 용산구 효창동,20개,1개,0개,0개,0개
서울특별시 용산구 후암동,25개,2개,0개,0개,1개
서울특별시 은평구 갈현동,163개,2개,3개,5개,3개
서울특별시 은평구 구산동,75개,3개,3개,3개,2개
서울특별시 은평구 녹번동,59개,3개,0개,0개,4개
서울특별시 은평구 대조동,59개,2개,0개,2개,0개
서울특별시 은평구 불광동,122개,6개,3개,1개,6개
서울특별시 은평구 수색동,8개,1개,0개,0개,2개
서울특별시 은평구 신사동,105개,3개,3개,1개,4개
서울특별시 은평구 역촌동,123개,1개,0개,0개,2개
서울특별시 은평구 응암동,165개,4개,2개,2개,9개
서울특별시 은평구 증산동,38개,1개,2개,0개,1개
서울특별시 은평구 진관동,157개,5개,2개,4개,6개
서울특별시 종로구 견지동,1개,0개,0개,0개,0개
서울특별시 종로구 경운동,2개,1개,0개,0개,0개
서울특별시 종로구 계동,2개,0개,0개,0개,0개
서울특별시 종로구 관수동,7개,0개,0개,0개,0개
서울특별시 종로구 관철동,31개,0개,0개,0개,0개
서울특별시 종로구 교북동,5개,0개,0개,0개,0개
서울특별시 종로구 구기동,6개,0개,0개,0개,0개
서울특별시 종로구 낙원동,5개,0개,0개,0개,0개
서울특별시 종로구 내수동,2개,0개,0개,0개,0개
서울특별시 종로구 내자동,5개,0개,0개,0개,0개
서울특별시 종로구 누상동,1개,0개,0개,0개,0개
서울특별시 종로구 누하동,3개,0개,0개,0개,0개
서울특별시 종로구 돈의동,1개,0개,0개,0개,0개
서울특별시 종로구 동숭동,5개,1개,1개,0개,0개
서울특별시 종로구 명륜1가,15개,0개,0개,0개,0개
서울특별시 종로구 명륜2가,8개,0개,0개,0개,0개
서울특별시 종로구 명륜3가,3개,0개,0개,0개,0개
서울특별시 종로구 명륜4가,2개,0개,0개,0개,0개
서울특별시 종로구 묘동,9개,0개,0개,0개,0개
서울특별시 종로구 무악동,22개,1개,0개,0개,1개
서울특별시 종로구 부암동,4개,0개,0개,0개,0개
서울특별시 종로구 삼청동,1개,0개,0개,0개,0개
서울특별시 종로구 서린동,5개,0개,0개,0개,0개
서울특별시 종로구 송월동,1개,0개,0개,0개,0개
서울특별시 종로구 수송동,1개,0개,0개,0개,0개
서울특별시 종로구 숭인동,14개,0개,0개,0개,0개
서울특별시 종로구 신교동,5개,0개,0개,0개,0개
서울특별시 종로구 신문로1가,1개,0개,0개,0개,0개
서울특별시 종로구 신문로2가,1개,0개,0개,0개,0개
서울특별시 종로구 신영동,17개,1개,0개,0개,0개
서울특별시 종로구 연건동,1개,0개,0개,0개,0개
서울특별시 종로구 연지동,1개,0개,0개,0개,0개
서울특별시 종로구 옥인동,2개,0개,0개,0개,0개
서울특별시 종로구 와룡동,1개,0개,0개,0개,0개
서울특별시 종로구 이화동,2개,0개,0개,0개,0개
서울특별시 종로구 인사동,4개,0개,0개,0개,0개
서울특별시 종로구 인의동,6개,0개,0개,0개,0개
서울특별시 종로구 종로1가,2개,0개,0개,0개,0개
서울특별시 종로구 종로2가,16개,0개,0개,0개,0개
서울특별시 종로구 종로3가,8개,0개,0개,0개,0개
서울특별시 종로구 종로4가,1개,0개,0개,0개,0개
서울특별시 종로구 종로5가,4개,0개,0개,0개,0개
서울특별시 종로구 종로6가,2개,0개,0개,0개,0개
서울특별시 종로구 창성동,1개,0개,0개,0개,0개
서울특별시 종로구 창신동,14개,2개,0개,1개,2개
서울특별시 종로구 청운동,3개,1개,1개,2개,1개
서울특별시 종로구 청진동,2개,0개,0개,0개,0개
서울특별시 종로구 체부동,1개,0개,0개,0개,0개
서울특별시 종로구 통의동,1개,0개,0개,0개,0개
서울특별시 종로구 통인동,4개,0개,0개,0개,0개
서울특별시 종로구 평창동,25개,0개,0개,0개,0개
서울특별시 종로구 필운동,9개,1개,0개,0개,2개
서울특별시 종로구 행촌동,4개,0개,0개,0개,0개
서울특별시 종로구 혜화동,14개,1개,2개,3개,3개
서울특별시 종로구 홍지동,1개,1개,1개,1개,2개
서울특별시 종로구 홍파동,8개,0개,0개,0개,0개
서울특별시 종로구 효자동,1개,0개,0개,0개,0개
서울특별시 종로구 효제동,1개,1개,0개,0개,0개
서울특별시 중구 남산동3가,1개,0개,0개,0개,0개
서울특별시 중구 다동,2개,0개,0개,0개,0개
서울특별시 중구 만리동1가,3개,0개,0개,0개,0개
서울특별시 중구 무교동,1개,0개,0개,0개,0개
서울특별시 중구 묵정동,3개,0개,0개,0개,0개
서울특별시 중구 북창동,1개,0개,0개,0개,0개
서울특별시 중구 서소문동,1개,0개,0개,0개,0개
서울특별시 중구 소공동,1개,0개,0개,0개,0개
서울특별시 중구 수하동,2개,0개,0개,0개,0개
서울특별시 중구 신당동,97개,6개,5개,5개,7개
서울특별시 중구 오장동,1개,0개,0개,0개,0개
서울특별시 중구 을지로1가,1개,0개,0개,0개,0개
서울특별시 중구 을지로2가,4개,0개,0개,0개,0개
서울특별시 중구 을지로3가,1개,0개,0개,0개,0개
서울특별시 중구 을지로6가,1개,0개,0개,0개,0개
서울특별시 중구 장충동1가,1개,0개,0개,0개,0개
서울특별시 중구 정동,3개,1개,1개,1개,1개
서울특별시 중구 중림동,9개,0개,0개,0개,0개
서울특별시 중구 충무로1가,1개,0개,0개,0개,0개
서울특별시 중구 충무로2가,2개,0개,0개,0개,0개
서울특별시 중구 충무로4가,1개,0개,0개,0개,0개
서울특별시 중구 충정로1가,2개,0개,0개,0개,0개
서울특별시 중구 태평로1가,5개,0개,0개,0개,0개
서울특별시 중구 태평로2가,2개,0개,0개,0개,0개
서울특별시 중구 필동1가,2개,0개,0개,0개,0개
서울특별시 중구 필동2가,1개,0개,0개,0개,0개
서울특별시 중구 필동3가,2개,0개,0개,0개,0개
서울특별시 중구 황학동,3개,0개,0개,0개,0개
서울특별시 중구 회현동1가,1개,0개,0개,0개,0개
서울특별시 중구 회현동3가,1개,0개,0개,0개,0개
서울특별시 중랑구 망우동,62개,4개,5개,5개,4개
서울특별시 중랑구 면목동,169개,7개,3개,1개,11개
서울특별시 중랑구 묵동,69개,3개,2개,2개,3개
서울특별시 중랑구 상봉동,46개,1개,2개,1개,2개
서울특별시 중랑구 신내동,166개,6개,0개,0개,7개
서울특별시 중랑구 중화동,48개,2개,2개,1개,5개
인천광역시 강화군 강화읍,1개,0개,0개,0개,0개
인천광역시 강화군 강화읍 갑곳리,30개,1개,1개,0개,1개
인천광역시 강화군 강화읍 관청리,20개,1개,1개,1개,2개
인천광역시 강화군 강화읍 신문리,8개,1개,0개,0개,2개
인천광역시 강화군 길상면 길직리,1개,0개,0개,0개,0개
인천광역시 강화군 길상면 온수리,9개,1개,1개,1개,0개
인천광역시 강화군 선원면 선행리,1개,0개,0개,0개,0개
인천광역시 강화군 선원면 창리,8개,0개,0개,0개,0개
인천광역시 강화군 화도면 상방리,1개,1개,1개,0개,0개
인천광역시 계양구 계산동,132개,7개,3개,2개,7개
인천광역시 계양구 귤현동,15개,1개,1개,0개,1개
인천광역시 계양구 동양동,22개,1개,1개,0개,2개
인천광역시 계양구 박촌동,13개,1개,0개,0개,0개
인천광역시 계양구 병방동,19개,2개,2개,1개,4개
인천광역시 계양구 서운동,2개,1개,1개,1개,1개
인천광역시 계양구 오류동,2개,0개,0개,0개,0개
인천광역시 계양구 용종동,62개,2개,0개,1개,1개
인천광역시 계양구 이화동,1개,0개,0개,0개,0개
인천광역시 계양구 임학동,22개,0개,0개,0개,0개
인천광역시 계양구 작전동,112개,4개,1개,3개,7개
인천광역시 계양구 장기동,9개,1개,0개,0개,1개
인천광역시 계양구 효성동,86개,4개,3개,1개,5개
인천광역시 남동구 간석동,162개,5개,4개,5개,10개
인천광역시 남동구 고잔동,1개,0개,0개,0개,0개
인천광역시 남동구 구월동,244개,8개,5개,0개,16개
인천광역시 남동구 남촌동,13개,1개,0개,0개,2개
인천광역시 남동구 논현동,283개,9개,3개,4개,15개
인천광역시 남동구 도림동,11개,1개,0개,0개,2개
인천광역시 남동구 만수동,220개,10개,6개,4개,12개
인천광역시 남동구 서창동,125개,4개,2개,1개,8개
인천광역시 동구 금곡동,2개,0개,0개,0개,0개
인천광역시 동구 만석동,7개,0개,0개,0개,0개
인천광역시 동구 송림동,20개,4개,1개,3개,5개
인천광역시 동구 송현동,29개,1개,0개,0개,5개
인천광역시 동구 화수동,7개,1개,1개,0개,1개
인천광역시 동구 화평동,2개,0개,0개,0개,0개
인천광역시 미추홀구 관교동,36개,2개,3개,0개,0개
인천광역시 미추홀구 도화동,43개,3개,3개,5개,5개
인천광역시 미추홀구 문학동,10개,1개,0개,1개,2개
인천광역시 미추홀구 숭의동,36개,2개,1개,0개,3개
인천광역시 미추홀구 용현동,159개,3개,2개,1개,9개
인천광역시 미추홀구 주안동,176개,6개,1개,2개,13개
인천광역시 미추홀구 학익동,84개,4개,1개,4개,9개
인천광역시 부평구 갈산동,43개,3개,1개,1개,6개
인천광역시 부평구 구산동,2개,1개,0개,0개,2개
인천광역시 부평구 부개동,139개,5개,5개,5개,13개
인천광역시 부평구 부평동,214개,7개,4개,2개,9개
인천광역시 부평구 산곡동,221개,9개,2개,6개,13개
인천광역시 부평구 삼산동,195개,5개,3개,3개,8개
인천광역시 부평구 십정동,56개,6개,3개,2개,6개
인천광역시 부평구 일신동,19개,1개,0개,0개,1개
인천광역시 부평구 청천동,43개,2개,1개,0개,4개
인천광역시 서구 가정동,61개,3개,0개,1개,4개
인천광역시 서구 가좌동,78개,4개,4개,2개,10개
인천광역시 서구 검암동,72개,2개,2개,1개,4개
인천광역시 서구 경서동,10개,2개,0개,0개,4개
인천광역시 서구 공촌동,2개,1개,0개,1개,1개
인천광역시 서구 금곡동,1개,1개,0개,0개,2개
인천광역시 서구 당하동,101개,3개,1개,1개,6개
인천광역시 서구 대곡동,1개,0개,0개,0개,0개
인천광역시 서구 마전동,120개,2개,1개,2개,8개
인천광역시 서구 불로동,28개,2개,1개,0개,3개
인천광역시 서구 석남동,44개,4개,2개,1개,4개
인천광역시 서구 신현동,59개,3개,3개,1개,5개
인천광역시 서구 심곡동,40개,2개,0개,0개,3개
인천광역시 서구 연희동,16개,1개,1개,1개,1개
인천광역시 서구 오류동,3개,1개,0개,0개,3개
인천광역시 서구 왕길동,32개,1개,0개,0개,1개
인천광역시 서구 원당동,33개,1개,0개,1개,6개
인천광역시 서구 청라동,406개,7개,4개,4개,13개
인천광역시 연수구 동춘동,207개,6개,3개,3개,9개
인천광역시 연수구 선학동,26개,1개,1개,0개,1개
인천광역시 연수구 송도동,611개,15개,4개,6개,19개
인천광역시 연수구 연수동,97개,5개,3개,3개,9개
인천광역시 연수구 옥련동,96개,4개,2개,3개,6개
인천광역시 연수구 청학동,22개,1개,2개,1개,4개
인천광역시 옹진군 백령면 진촌리,2개,1개,0개,0개,1개
인천광역시 옹진군 영흥면 내리,2개,1개,1개,1개,1개
인천광역시 옹진군 영흥면 외리,1개,0개,0개,0개,0개
인천광역시 중구 경동,2개,0개,0개,0개,0개
인천광역시 중구 내동,1개,0개,0개,0개,0개
인천광역시 중구 답동,13개,1개,1개,0개,2개
인천광역시 중구 도원동,5개,0개,0개,0개,0개
인천광역시 중구 선화동,2개,0개,0개,0개,0개
인천광역시 중구 송월동1가,3개,0개,0개,0개,0개
인천광역시 중구 신생동,1개,0개,0개,0개,0개
인천광역시 중구 신흥동1가,5개,0개,0개,0개,0개
인천광역시 중구 신흥동2가,2개,0개,0개,0개,0개
인천광역시 중구 신흥동3가,7개,2개,1개,0개,2개
인천광역시 중구 운남동,13개,2개,1개,1개,1개
인천광역시 중구 운서동,44개,2개,1개,4개,4개
인천광역시 중구 율목동,1개,0개,0개,0개,0개
인천광역시 중구 인현동,2개,0개,0개,0개,0개
인천광역시 중구 중산동,111개,3개,0개,1개,6개
인천광역시 중구 항동7가,5개,1개,0개,0개,1개
