,addr,초등학교,중학교,고등학교
0,서울특별시 강남구 개포동,5개,2개,4개
1,서울특별시 강남구 논현동,2개,1개,0개
2,서울특별시 강남구 대치동,4개,4개,3개
3,서울특별시 강남구 도곡동,2개,4개,3개
4,서울특별시 강남구 삼성동,2개,2개,1개
5,서울특별시 강남구 세곡동,2개,0개,0개
6,서울특별시 강남구 수서동,2개,2개,2개
7,서울특별시 강남구 신사동,1개,1개,0개
8,서울특별시 강남구 압구정동,1개,2개,3개
9,서울특별시 강남구 역삼동,2개,2개,1개
10,서울특별시 강남구 일원동,4개,1개,3개
11,서울특별시 강남구 자곡동,2개,1개,1개
12,서울특별시 강남구 청담동,2개,1개,1개
13,서울특별시 강동구 강일동,3개,3개,1개
14,서울특별시 강동구 고덕동,4개,3개,3개
15,서울특별시 강동구 길동,3개,1개,0개
16,서울특별시 강동구 둔촌동,2개,3개,2개
17,서울특별시 강동구 명일동,3개,0개,1개
18,서울특별시 강동구 상일동,4개,2개,5개
19,서울특별시 강동구 성내동,2개,1개,0개
20,서울특별시 강동구 암사동,3개,2개,1개
21,서울특별시 강동구 천호동,3개,4개,1개
22,서울특별시 강북구 미아동,7개,6개,6개
23,서울특별시 강북구 번동,3개,2개,0개
24,서울특별시 강북구 수유동,4개,4개,1개
25,서울특별시 강서구 가양동,3개,2개,3개
26,서울특별시 강서구 공항동,1개,2개,0개
27,서울특별시 강서구 내발산동,3개,4개,8개
28,서울특별시 강서구 등촌동,8개,5개,6개
29,서울특별시 강서구 마곡동,4개,2개,2개
30,서울특별시 강서구 방화동,5개,3개,2개
31,서울특별시 강서구 염창동,3개,2개,0개
32,서울특별시 강서구 화곡동,8개,2개,2개
33,서울특별시 관악구 남현동,1개,0개,0개
34,서울특별시 관악구 봉천동,10개,7개,9개
35,서울특별시 관악구 신림동,11개,9개,8개
36,서울특별시 광진구 광장동,3개,3개,1개
37,서울특별시 광진구 구의동,3개,1개,1개
38,서울특별시 광진구 군자동,2개,0개,0개
39,서울특별시 광진구 능동,1개,0개,1개
40,서울특별시 광진구 자양동,7개,4개,2개
41,서울특별시 광진구 중곡동,4개,2개,3개
42,서울특별시 광진구 화양동,2개,2개,1개
43,서울특별시 구로구 가리봉동,1개,0개,0개
44,서울특별시 구로구 개봉동,4개,3개,0개
45,서울특별시 구로구 고척동,5개,2개,2개
46,서울특별시 구로구 구로동,7개,4개,3개
47,서울특별시 구로구 신도림동,2개,1개,1개
48,서울특별시 구로구 오류동,3개,1개,1개
49,서울특별시 구로구 온수동,1개,0개,0개
50,서울특별시 구로구 천왕동,2개,1개,0개
51,서울특별시 구로구 항동,1개,1개,1개
52,서울특별시 금천구 독산동,9개,5개,1개
53,서울특별시 금천구 시흥동,9개,4개,5개
54,서울특별시 노원구 공릉동,7개,3개,2개
55,서울특별시 노원구 상계동,17개,9개,6개
56,서울특별시 노원구 월계동,6개,5개,5개
57,서울특별시 노원구 중계동,9개,6개,9개
58,서울특별시 노원구 하계동,3개,3개,3개
59,서울특별시 도봉구 도봉동,3개,2개,2개
60,서울특별시 도봉구 방학동,5개,3개,1개
61,서울특별시 도봉구 쌍문동,6개,5개,4개
62,서울특별시 도봉구 창동,9개,3개,3개
63,서울특별시 동대문구 답십리동,3개,1개,0개
64,서울특별시 동대문구 용두동,1개,0개,0개
65,서울특별시 동대문구 이문동,1개,1개,1개
66,서울특별시 동대문구 장안동,4개,2개,1개
67,서울특별시 동대문구 전농동,4개,3개,2개
68,서울특별시 동대문구 제기동,2개,2개,1개
69,서울특별시 동대문구 청량리동,1개,1개,1개
70,서울특별시 동대문구 회기동,3개,1개,1개
71,서울특별시 동대문구 휘경동,2개,3개,3개
72,서울특별시 동작구 노량진동,1개,0개,0개
73,서울특별시 동작구 대방동,3개,4개,4개
74,서울특별시 동작구 본동,2개,0개,0개
75,서울특별시 동작구 사당동,6개,3개,1개
76,서울특별시 동작구 상도1동,1개,0개,0개
77,서울특별시 동작구 상도동,3개,4개,0개
78,서울특별시 동작구 신대방동,2개,2개,1개
79,서울특별시 동작구 흑석동,3개,2개,0개
80,서울특별시 마포구 공덕동,1개,0개,0개
81,서울특별시 마포구 노고산동,1개,1개,0개
82,서울특별시 마포구 대흥동,1개,1개,1개
83,서울특별시 마포구 도화동,1개,0개,0개
84,서울특별시 마포구 망원동,2개,0개,0개
85,서울특별시 마포구 상수동,1개,0개,0개
86,서울특별시 마포구 상암동,3개,1개,1개
87,서울특별시 마포구 서교동,1개,0개,0개
88,서울특별시 마포구 성산동,4개,3개,1개
89,서울특별시 마포구 신수동,1개,2개,1개
90,서울특별시 마포구 아현동,2개,1개,2개
91,서울특별시 마포구 염리동,2개,2개,2개
92,서울특별시 마포구 중동,1개,1개,0개
93,서울특별시 마포구 합정동,1개,1개,0개
94,서울특별시 서대문구 남가좌동,2개,1개,0개
95,서울특별시 서대문구 대신동,1개,1개,1개
96,서울특별시 서대문구 대현동,1개,0개,0개
97,서울특별시 서대문구 미근동,1개,0개,0개
98,서울특별시 서대문구 북가좌동,1개,1개,1개
99,서울특별시 서대문구 북아현동,2개,2개,2개
100,서울특별시 서대문구 연희동,1개,3개,0개
101,서울특별시 서대문구 창천동,1개,0개,0개
102,서울특별시 서대문구 천연동,1개,1개,0개
103,서울특별시 서대문구 충정로2가,1개,1개,1개
104,서울특별시 서대문구 홍은동,3개,3개,1개
105,서울특별시 서대문구 홍제동,4개,1개,0개
106,서울특별시 서초구 내곡동,1개,0개,0개
107,서울특별시 서초구 반포동,5개,5개,3개
108,서울특별시 서초구 방배동,5개,3개,4개
109,서울특별시 서초구 서초동,6개,3개,3개
110,서울특별시 서초구 양재동,2개,1개,1개
111,서울특별시 서초구 우면동,3개,1개,0개
112,서울특별시 서초구 잠원동,2개,2개,0개
113,서울특별시 성동구 금호동1가,1개,0개,1개
114,서울특별시 성동구 금호동2가,1개,0개,0개
115,서울특별시 성동구 금호동4가,2개,0개,0개
116,서울특별시 성동구 마장동,2개,2개,0개
117,서울특별시 성동구 사근동,2개,1개,1개
118,서울특별시 성동구 성수동1가,2개,2개,2개
119,서울특별시 성동구 성수동2가,2개,2개,1개
120,서울특별시 성동구 송정동,1개,0개,0개
121,서울특별시 성동구 옥수동,2개,1개,1개
122,서울특별시 성동구 용답동,1개,0개,0개
123,서울특별시 성동구 응봉동,1개,1개,0개
124,서울특별시 성동구 하왕십리동,2개,0개,1개
125,서울특별시 성동구 행당동,2개,2개,2개
126,서울특별시 성북구 길음동,3개,1개,1개
127,서울특별시 성북구 돈암동,4개,3개,1개
128,서울특별시 성북구 동소문동6가,1개,0개,0개
129,서울특별시 성북구 동소문동7가,1개,0개,0개
130,서울특별시 성북구 보문동3가,1개,0개,0개
131,서울특별시 성북구 보문동7가,1개,0개,0개
132,서울특별시 성북구 삼선동3가,1개,0개,1개
133,서울특별시 성북구 석관동,2개,1개,1개
134,서울특별시 성북구 성북동,1개,2개,2개
135,서울특별시 성북구 안암동2가,1개,1개,1개
136,서울특별시 성북구 장위동,5개,2개,0개
137,서울특별시 성북구 정릉동,4개,2개,2개
138,서울특별시 성북구 종암동,2개,2개,1개
139,서울특별시 성북구 하월곡동,2개,1개,1개
140,서울특별시 송파구 가락동,6개,4개,0개
141,서울특별시 송파구 거여동,2개,1개,1개
142,서울특별시 송파구 마천동,2개,0개,0개
143,서울특별시 송파구 문정동,3개,1개,1개
144,서울특별시 송파구 방이동,4개,5개,4개
145,서울특별시 송파구 삼전동,1개,1개,1개
146,서울특별시 송파구 석촌동,1개,0개,0개
147,서울특별시 송파구 송파동,2개,2개,3개
148,서울특별시 송파구 신천동,3개,1개,1개
149,서울특별시 송파구 오금동,3개,4개,2개
150,서울특별시 송파구 잠실동,7개,4개,4개
151,서울특별시 송파구 장지동,3개,2개,1개
152,서울특별시 송파구 풍납동,3개,3개,1개
153,서울특별시 양천구 목동,8개,6개,4개
154,서울특별시 양천구 신월동,8개,8개,3개
155,서울특별시 양천구 신정동,14개,5개,8개
156,서울특별시 영등포구 당산동,1개,1개,0개
157,서울특별시 영등포구 당산동5가,1개,1개,0개
158,서울특별시 영등포구 대림동,5개,2개,0개
159,서울특별시 영등포구 문래동1가,1개,0개,0개
160,서울특별시 영등포구 문래동3가,1개,1개,0개
161,서울특별시 영등포구 문래동6가,1개,1개,0개
162,서울특별시 영등포구 신길동,6개,2개,4개
163,서울특별시 영등포구 양평동3가,2개,1개,0개
164,서울특별시 영등포구 양평동4가,1개,0개,2개
165,서울특별시 영등포구 여의도동,2개,2개,2개
166,서울특별시 영등포구 영등포동,1개,1개,0개
167,서울특별시 영등포구 영등포동7가,1개,0개,0개
168,서울특별시 용산구 산천동,1개,0개,0개
169,서울특별시 용산구 서빙고동,1개,1개,0개
170,서울특별시 용산구 용산동2가,1개,2개,2개
171,서울특별시 용산구 원효로2가,1개,0개,0개
172,서울특별시 용산구 이촌동,1개,1개,1개
173,서울특별시 용산구 이태원동,2개,0개,1개
174,서울특별시 용산구 청파동2가,1개,0개,0개
175,서울특별시 용산구 청파동3가,1개,2개,2개
176,서울특별시 용산구 한강로2가,1개,0개,0개
177,서울특별시 용산구 한강로3가,1개,0개,1개
178,서울특별시 용산구 한남동,1개,0개,0개
179,서울특별시 용산구 효창동,1개,0개,0개
180,서울특별시 용산구 후암동,2개,0개,0개
181,서울특별시 은평구 갈현동,2개,3개,5개
182,서울특별시 은평구 구산동,3개,3개,3개
183,서울특별시 은평구 녹번동,3개,0개,0개
184,서울특별시 은평구 대조동,2개,0개,2개
185,서울특별시 은평구 불광동,6개,3개,1개
186,서울특별시 은평구 수색동,1개,0개,0개
187,서울특별시 은평구 신사동,3개,3개,1개
188,서울특별시 은평구 역촌동,1개,0개,0개
189,서울특별시 은평구 응암동,4개,2개,2개
190,서울특별시 은평구 증산동,1개,2개,0개
191,서울특별시 은평구 진관동,5개,2개,4개
192,서울특별시 종로구 가회동,1개,0개,0개
193,서울특별시 종로구 경운동,1개,0개,0개
194,서울특별시 종로구 동숭동,1개,1개,0개
195,서울특별시 종로구 무악동,1개,0개,0개
196,서울특별시 종로구 신영동,1개,0개,0개
197,서울특별시 종로구 운니동,1개,0개,0개
198,서울특별시 종로구 창신동,2개,0개,1개
199,서울특별시 종로구 청운동,1개,1개,2개
200,서울특별시 종로구 필운동,1개,0개,0개
201,서울특별시 종로구 혜화동,1개,2개,3개
202,서울특별시 종로구 홍지동,1개,1개,1개
203,서울특별시 종로구 효제동,1개,0개,0개
204,서울특별시 중구 남산동2가,1개,0개,0개
205,서울특별시 중구 만리동2가,1개,1개,0개
206,서울특별시 중구 신당동,6개,5개,5개
207,서울특별시 중구 예장동,2개,0개,1개
208,서울특별시 중구 장충동2가,1개,0개,0개
209,서울특별시 중구 정동,1개,1개,1개
210,서울특별시 중랑구 망우동,4개,5개,5개
211,서울특별시 중랑구 면목동,7개,3개,1개
212,서울특별시 중랑구 묵동,3개,2개,2개
213,서울특별시 중랑구 상봉동,1개,2개,1개
214,서울특별시 중랑구 신내동,6개,0개,0개
215,서울특별시 중랑구 중화동,2개,2개,1개
216,경기도 가평군 가평읍 마장리,1개,0개,0개
217,경기도 가평군 가평읍 상색리,1개,0개,0개
218,경기도 가평군 가평읍 읍내리,1개,0개,0개
219,경기도 가평군 북면 이곡리,1개,1개,0개
220,경기도 가평군 북면 적목리,1개,0개,0개
221,경기도 가평군 상면 연하리,1개,0개,0개
222,경기도 가평군 상면 율길리,1개,0개,0개
223,경기도 가평군 상면 임초리,1개,0개,0개
224,경기도 가평군 설악면 미사리,1개,0개,0개
225,경기도 가평군 설악면 방일리,1개,0개,0개
226,경기도 가평군 설악면 신천리,1개,1개,1개
227,경기도 가평군 설악면 위곡리,1개,0개,0개
228,경기도 가평군 조종면 현리,1개,1개,1개
229,경기도 가평군 청평면 대성리,1개,0개,0개
230,경기도 가평군 청평면 상천리,1개,0개,0개
231,경기도 가평군 청평면 청평리,1개,1개,1개
232,경기도 고양시 덕양구 고양동,2개,1개,1개
233,경기도 고양시 덕양구 관산동,1개,1개,1개
234,경기도 고양시 덕양구 내유동,1개,0개,0개
235,경기도 고양시 덕양구 대장동,1개,0개,0개
236,경기도 고양시 덕양구 도내동,2개,1개,1개
237,경기도 고양시 덕양구 동산동,2개,0개,1개
238,경기도 고양시 덕양구 성사동,2개,1개,1개
239,경기도 고양시 덕양구 신원동,1개,1개,1개
240,경기도 고양시 덕양구 오금동,1개,0개,0개
241,경기도 고양시 덕양구 용두동,1개,0개,0개
242,경기도 고양시 덕양구 원흥동,2개,0개,0개
243,경기도 고양시 덕양구 주교동,1개,1개,0개
244,경기도 고양시 덕양구 지축동,1개,1개,0개
245,경기도 고양시 덕양구 토당동,2개,1개,1개
246,경기도 고양시 덕양구 행신동,10개,5개,4개
247,경기도 고양시 덕양구 행주내동,1개,0개,0개
248,경기도 고양시 덕양구 향동동,2개,1개,1개
249,경기도 고양시 덕양구 화전동,1개,1개,0개
250,경기도 고양시 덕양구 화정동,6개,4개,2개
251,경기도 고양시 일산동구 마두동,4개,3개,2개
252,경기도 고양시 일산동구 문봉동,1개,0개,0개
253,경기도 고양시 일산동구 백석동,3개,1개,2개
254,경기도 고양시 일산동구 사리현동,1개,0개,0개
255,경기도 고양시 일산동구 식사동,3개,1개,2개
256,경기도 고양시 일산동구 장항동,2개,0개,0개
257,경기도 고양시 일산동구 정발산동,2개,1개,1개
258,경기도 고양시 일산동구 중산동,5개,2개,2개
259,경기도 고양시 일산동구 풍동,3개,1개,2개
260,경기도 고양시 일산서구 가좌동,2개,1개,1개
261,경기도 고양시 일산서구 대화동,5개,3개,3개
262,경기도 고양시 일산서구 덕이동,3개,1개,3개
263,경기도 고양시 일산서구 일산동,4개,3개,2개
264,경기도 고양시 일산서구 주엽동,6개,3개,2개
265,경기도 고양시 일산서구 탄현동,4개,2개,1개
266,경기도 과천시 별양동,2개,1개,1개
267,경기도 과천시 부림동 ,1개,0개,0개
268,경기도 과천시 중앙동 ,1개,0개,0개
269,경기도 광명시 가학동 ,1개,0개,0개
270,경기도 광명시 광명동 ,5개,0개,0개
271,경기도 광명시 노온사동 ,1개,0개,0개
272,경기도 광명시 소하동,1개,3개,5개
273,경기도 광명시 소하동 ,3개,0개,0개
274,경기도 광명시 일직동 ,1개,0개,0개
275,경기도 광명시 철산동,1개,3개,2개
276,경기도 광명시 철산동 ,4개,0개,0개
277,경기도 광명시 하안동 ,7개,0개,0개
278,경기도 광주시 경안동 ,2개,0개,0개
279,경기도 광주시 곤지암읍 곤지암리,1개,1개,1개
280,경기도 광주시 곤지암읍 만선리,1개,0개,0개
281,경기도 광주시 곤지암읍 삼리,1개,0개,0개
282,경기도 광주시 남종면 분원리,1개,0개,0개
283,경기도 광주시 남한산성면 광지원리,1개,0개,0개
284,경기도 광주시 남한산성면 산성리,1개,0개,0개
285,경기도 광주시 남한산성면 상번천리,1개,0개,0개
286,경기도 광주시 도척면 노곡리,1개,1개,0개
287,경기도 광주시 도척면 도웅리,1개,0개,0개
288,경기도 광주시 송정동,1개,1개,3개
289,경기도 광주시 쌍령동 ,2개,0개,0개
290,경기도 광주시 역동 ,1개,0개,0개
291,경기도 광주시 오포읍 신현리,2개,1개,0개
292,경기도 광주시 오포읍 양벌리,2개,1개,0개
293,경기도 광주시 오포읍 추자리,1개,0개,0개
294,경기도 광주시 중대동 ,1개,0개,0개
295,경기도 광주시 초월읍 도평리,1개,0개,0개
296,경기도 광주시 초월읍 선동리,1개,0개,0개
297,경기도 광주시 초월읍 신월리,1개,0개,0개
298,경기도 광주시 초월읍 쌍동리,1개,1개,0개
299,경기도 광주시 탄벌동,1개,1개,0개
300,경기도 광주시 탄벌동 ,1개,0개,0개
301,경기도 광주시 태전동,1개,1개,1개
302,경기도 광주시 태전동 ,2개,0개,0개
303,경기도 광주시 퇴촌면 도수리,1개,0개,0개
304,경기도 구리시 갈매동 ,1개,0개,0개
305,경기도 구리시 갈매동 산,1개,0개,0개
306,경기도 구리시 교문동,1개,2개,0개
307,경기도 구리시 교문동 ,3개,0개,0개
308,경기도 구리시 사노동 ,1개,0개,0개
309,경기도 구리시 수택동 ,2개,0개,0개
310,경기도 구리시 인창동,2개,2개,1개
311,경기도 구리시 인창동 ,3개,0개,0개
312,경기도 구리시 토평동,1개,2개,2개
313,경기도 구리시 토평동 ,1개,0개,0개
314,경기도 군포시 금정동,1개,2개,2개
315,경기도 군포시 금정동 ,3개,0개,0개
316,경기도 군포시 당동,1개,3개,1개
317,경기도 군포시 당동 ,3개,0개,0개
318,경기도 군포시 당정동 ,1개,0개,0개
319,경기도 군포시 대야미동 ,1개,0개,0개
320,경기도 군포시 도마교동,1개,0개,0개
321,경기도 군포시 둔대동 ,1개,0개,0개
322,경기도 군포시 부곡동 ,2개,0개,0개
323,경기도 군포시 산본동 ,13개,0개,0개
324,경기도 김포시 감정동 ,1개,0개,0개
325,경기도 김포시 걸포동,1개,0개,0개
326,경기도 김포시 걸포동 ,1개,0개,0개
327,경기도 김포시 고촌읍 신곡리,3개,2개,0개
328,경기도 김포시 고촌읍 풍곡리,1개,0개,0개
329,경기도 김포시 고촌읍 향산리,1개,1개,0개
330,경기도 김포시 구래동,2개,1개,0개
331,경기도 김포시 구래동 ,2개,0개,0개
332,경기도 김포시 대곶면 대명리,1개,0개,0개
333,경기도 김포시 대곶면 대벽리,1개,0개,0개
334,경기도 김포시 대곶면 석정리,1개,0개,0개
335,경기도 김포시 대곶면 율생리,1개,1개,0개
336,경기도 김포시 마산동,1개,1개,1개
337,경기도 김포시 마산동 ,1개,0개,0개
338,경기도 김포시 북변동,2개,2개,1개
339,경기도 김포시 북변동 ,1개,0개,0개
340,경기도 김포시 사우동 ,1개,0개,0개
341,경기도 김포시 양촌읍 양곡리,2개,2개,1개
342,경기도 김포시 양촌읍 학운리,1개,0개,0개
343,경기도 김포시 운양동,2개,1개,2개
344,경기도 김포시 운양동 ,1개,0개,0개
345,경기도 김포시 월곶면 개곡리,1개,0개,0개
346,경기도 김포시 월곶면 군하리,1개,1개,0개
347,경기도 김포시 장기동,3개,4개,1개
348,경기도 김포시 장기동 ,3개,0개,0개
349,경기도 김포시 통진읍 마송리,2개,2개,2개
350,경기도 김포시 통진읍 서암리,2개,0개,0개
351,경기도 김포시 통진읍 옹정리,1개,0개,0개
352,경기도 김포시 풍무동,3개,2개,1개
353,경기도 김포시 풍무동 ,1개,0개,0개
354,경기도 김포시 하성면 마곡리,1개,1개,1개
355,경기도 김포시 하성면 마조리,1개,0개,0개
356,경기도 남양주시 금곡동 ,2개,0개,0개
357,경기도 남양주시 다산동,6개,6개,4개
358,경기도 남양주시 다산동 ,4개,0개,0개
359,경기도 남양주시 별내동,1개,2개,2개
360,경기도 남양주시 별내동 ,4개,0개,0개
361,경기도 남양주시 별내면 청학리,1개,1개,1개
362,경기도 남양주시 수동면 송천리,1개,0개,0개
363,경기도 남양주시 수동면 수산리,1개,0개,0개
364,경기도 남양주시 수동면 입석리,1개,1개,0개
365,경기도 남양주시 오남읍 양지리,2개,2개,1개
366,경기도 남양주시 오남읍 오남리,2개,1개,0개
367,경기도 남양주시 와부읍 덕소리,3개,2개,1개
368,경기도 남양주시 와부읍 도곡리,2개,1개,1개
369,경기도 남양주시 와부읍 월문리,1개,0개,0개
370,경기도 남양주시 조안면 송촌리,1개,1개,0개
371,경기도 남양주시 조안면 조안리,1개,0개,0개
372,경기도 남양주시 지금동,1개,0개,0개
373,경기도 남양주시 진건읍 사능리,1개,1개,0개
374,경기도 남양주시 진건읍 신월리,1개,0개,0개
375,경기도 남양주시 진건읍 용정리,1개,0개,0개
376,경기도 남양주시 진접읍 금곡리,4개,2개,1개
377,경기도 남양주시 진접읍 내각리,1개,0개,0개
378,경기도 남양주시 진접읍 부평리,1개,0개,0개
379,경기도 남양주시 진접읍 장현리,2개,2개,1개
380,경기도 남양주시 진접읍 팔야리,1개,0개,0개
381,경기도 남양주시 퇴계원면 퇴계원리,1개,0개,0개
382,경기도 남양주시 퇴계원읍 퇴계원리,1개,1개,1개
383,경기도 남양주시 평내동 ,4개,0개,0개
384,경기도 남양주시 호평동 ,5개,0개,0개
385,경기도 남양주시 화도읍 가곡리,1개,0개,0개
386,경기도 남양주시 화도읍 금남리,1개,0개,0개
387,경기도 남양주시 화도읍 녹촌리,1개,0개,1개
388,경기도 남양주시 화도읍 답내리,1개,0개,0개
389,경기도 남양주시 화도읍 마석우리,3개,2개,1개
390,경기도 남양주시 화도읍 묵현리,1개,1개,0개
391,경기도 남양주시 화도읍 월산리,1개,1개,1개
392,경기도 남양주시 화도읍 차산리,1개,0개,0개
393,경기도 남양주시 화도읍 창현리,2개,1개,0개
394,경기도 동두천시 동두천동 ,1개,0개,0개
395,경기도 동두천시 상봉암동 ,1개,0개,0개
396,경기도 동두천시 생연동,2개,4개,2개
397,경기도 동두천시 생연동 ,2개,0개,0개
398,경기도 동두천시 송내동 ,1개,0개,0개
399,경기도 동두천시 지행동 ,3개,0개,0개
400,경기도 동두천시 탑동동 ,1개,0개,0개
401,경기도 부천시 고강동,1개,1개,1개
402,경기도 부천시 고강동 ,2개,0개,0개
403,경기도 부천시 괴안동 ,3개,0개,0개
404,경기도 부천시 도당동 ,2개,0개,0개
405,경기도 부천시 범박동 ,1개,0개,0개
406,경기도 부천시 범박동 산,1개,0개,0개
407,경기도 부천시 삼정동,1개,0개,0개
408,경기도 부천시 상동,2개,5개,5개
409,경기도 부천시 상동 ,7개,0개,0개
410,경기도 부천시 소사본동,1개,2개,1개
411,경기도 부천시 소사본동 ,4개,0개,0개
412,경기도 부천시 송내동,1개,3개,3개
413,경기도 부천시 송내동 ,2개,0개,0개
414,경기도 부천시 심곡동,2개,0개,0개
415,경기도 부천시 심곡본동 ,2개,0개,0개
416,경기도 부천시 약대동,2개,0개,0개
417,경기도 부천시 여월동 ,2개,0개,0개
418,경기도 부천시 역곡동,1개,1개,1개
419,경기도 부천시 역곡동 ,2개,0개,0개
420,경기도 부천시 오정동,1개,1개,1개
421,경기도 부천시 오정동 ,2개,0개,0개
422,경기도 부천시 옥길동,1개,1개,0개
423,경기도 부천시 옥길동 ,1개,0개,0개
424,경기도 부천시 원미동 ,2개,0개,0개
425,경기도 부천시 원종동,1개,0개,1개
426,경기도 부천시 원종동 ,2개,0개,0개
427,경기도 부천시 작동 ,1개,0개,0개
428,경기도 부천시 중동,7개,8개,8개
429,경기도 부천시 중동 ,7개,0개,0개
430,경기도 성남시 분당구 구미동,4개,2개,1개
431,경기도 성남시 분당구 금곡동,1개,1개,1개
432,경기도 성남시 분당구 대장동,1개,1개,0개
433,경기도 성남시 분당구 백현동,2개,2개,2개
434,경기도 성남시 분당구 분당동,2개,1개,1개
435,경기도 성남시 분당구 삼평동,2개,1개,1개
436,경기도 성남시 분당구 서현동,4개,2개,2개
437,경기도 성남시 분당구 수내동,3개,3개,2개
438,경기도 성남시 분당구 야탑동,5개,2개,4개
439,경기도 성남시 분당구 운중동,2개,1개,1개
440,경기도 성남시 분당구 이매동,3개,3개,3개
441,경기도 성남시 분당구 정자동,7개,4개,4개
442,경기도 성남시 분당구 판교동,2개,2개,1개
443,경기도 성남시 수정구 고등동,1개,0개,0개
444,경기도 성남시 수정구 단대동,1개,2개,1개
445,경기도 성남시 수정구 복정동,1개,0개,1개
446,경기도 성남시 수정구 산성동,1개,1개,0개
447,경기도 성남시 수정구 수진동,2개,2개,1개
448,경기도 성남시 수정구 신흥동,2개,1개,0개
449,경기도 성남시 수정구 양지동,1개,0개,0개
450,경기도 성남시 수정구 창곡동,4개,2개,1개
451,경기도 성남시 수정구 태평동,5개,1개,0개
452,경기도 성남시 중원구 금광동,4개,4개,1개
453,경기도 성남시 중원구 도촌동,1개,1개,0개
454,경기도 성남시 중원구 상대원동,4개,0개,0개
455,경기도 성남시 중원구 성남동,1개,3개,5개
456,경기도 성남시 중원구 여수동,1개,0개,0개
457,경기도 성남시 중원구 은행동,3개,1개,0개
458,경기도 성남시 중원구 중앙동,1개,0개,0개
459,경기도 성남시 중원구 하대원동,2개,1개,1개
460,경기도 수원시 권선구 고색동,2개,1개,1개
461,경기도 수원시 권선구 곡반정동,1개,1개,0개
462,경기도 수원시 권선구 구운동,2개,1개,0개
463,경기도 수원시 권선구 권선동,9개,3개,3개
464,경기도 수원시 권선구 금곡동,5개,2개,1개
465,경기도 수원시 권선구 당수동,1개,0개,1개
466,경기도 수원시 권선구 서둔동,2개,1개,0개
467,경기도 수원시 권선구 세류동,3개,2개,0개
468,경기도 수원시 권선구 오목천동,2개,1개,1개
469,경기도 수원시 권선구 입북동,1개,0개,0개
470,경기도 수원시 권선구 탑동,2개,0개,1개
471,경기도 수원시 권선구 호매실동,3개,2개,1개
472,경기도 수원시 영통구 망포동,4개,2개,1개
473,경기도 수원시 영통구 매탄동,8개,6개,3개
474,경기도 수원시 영통구 영통동,8개,5개,4개
475,경기도 수원시 영통구 원천동,5개,3개,1개
476,경기도 수원시 영통구 이의동,3개,3개,2개
477,경기도 수원시 영통구 하동,1개,0개,1개
478,경기도 수원시 장안구 송죽동,2개,1개,1개
479,경기도 수원시 장안구 연무동,1개,1개,0개
480,경기도 수원시 장안구 율전동,2개,1개,0개
481,경기도 수원시 장안구 정자동,7개,2개,3개
482,경기도 수원시 장안구 조원동,5개,3개,2개
483,경기도 수원시 장안구 천천동,3개,2개,3개
484,경기도 수원시 장안구 파장동,2개,1개,0개
485,경기도 수원시 팔달구 고등동,1개,0개,1개
486,경기도 수원시 팔달구 남창동,1개,0개,0개
487,경기도 수원시 팔달구 매산로3가,1개,0개,0개
488,경기도 수원시 팔달구 매향동,1개,2개,3개
489,경기도 수원시 팔달구 우만동,3개,1개,2개
490,경기도 수원시 팔달구 인계동,2개,0개,1개
491,경기도 수원시 팔달구 지동,1개,0개,0개
492,경기도 수원시 팔달구 화서동,5개,5개,3개
493,경기도 시흥시 거모동 ,2개,0개,0개
494,경기도 시흥시 계수동 ,1개,0개,0개
495,경기도 시흥시 광석동 ,1개,0개,0개
496,경기도 시흥시 군자동,1개,0개,0개
497,경기도 시흥시 논곡동 ,1개,0개,0개
498,경기도 시흥시 능곡동 ,2개,0개,0개
499,경기도 시흥시 대야동 ,2개,0개,0개
500,경기도 시흥시 도창동,1개,0개,0개
501,경기도 시흥시 매화동 ,1개,0개,0개
502,경기도 시흥시 산현동,1개,0개,0개
503,경기도 시흥시 신천동 ,4개,0개,0개
504,경기도 시흥시 월곶동,1개,1개,0개
505,경기도 시흥시 월곶동 ,1개,0개,0개
506,경기도 시흥시 은행동,2개,2개,2개
507,경기도 시흥시 은행동 ,3개,0개,0개
508,경기도 시흥시 장곡동 ,2개,0개,0개
509,경기도 시흥시 장현동 ,2개,0개,0개
510,경기도 시흥시 정왕동,3개,8개,6개
511,경기도 시흥시 정왕동 ,12개,0개,0개
512,경기도 시흥시 조남동,2개,1개,1개
513,경기도 시흥시 죽율동 ,1개,0개,0개
514,경기도 시흥시 포동 ,1개,0개,0개
515,경기도 시흥시 하중동 ,1개,0개,0개
516,경기도 안산시 단원구 고잔동,7개,4개,4개
517,경기도 안산시 단원구 대부남동,1개,0개,0개
518,경기도 안산시 단원구 대부동동,1개,0개,0개
519,경기도 안산시 단원구 대부북동,1개,1개,1개
520,경기도 안산시 단원구 선부동,6개,4개,2개
521,경기도 안산시 단원구 신길동,3개,1개,1개
522,경기도 안산시 단원구 와동,3개,1개,2개
523,경기도 안산시 단원구 원곡동,2개,2개,1개
524,경기도 안산시 단원구 초지동,4개,2개,1개
525,경기도 안산시 상록구 건건동,2개,0개,0개
526,경기도 안산시 상록구 본오동,5개,3개,3개
527,경기도 안산시 상록구 부곡동,3개,1개,2개
528,경기도 안산시 상록구 사동,7개,5개,1개
529,경기도 안산시 상록구 성포동,3개,1개,1개
530,경기도 안산시 상록구 수암동,1개,0개,0개
531,경기도 안산시 상록구 월피동,2개,2개,1개
532,경기도 안산시 상록구 이동,2개,0개,1개
533,경기도 안산시 상록구 일동,1개,1개,0개
534,경기도 안산시 상록구 팔곡이동,1개,0개,0개
535,경기도 안성시 고삼면 가유리,1개,0개,0개
536,경기도 안성시 공도읍 만정리,1개,2개,1개
537,경기도 안성시 공도읍 양기리,1개,0개,0개
538,경기도 안성시 공도읍 용두리,2개,0개,0개
539,경기도 안성시 공도읍 진사리,1개,1개,0개
540,경기도 안성시 구포동 ,1개,0개,0개
541,경기도 안성시 금광면 개산리,1개,0개,0개
542,경기도 안성시 금광면 금광리,1개,0개,0개
543,경기도 안성시 금광면 사흥리,1개,0개,0개
544,경기도 안성시 당왕동 ,1개,0개,0개
545,경기도 안성시 대덕면 내리,1개,0개,0개
546,경기도 안성시 대덕면 모산리,1개,0개,0개
547,경기도 안성시 대덕면 신령리,1개,0개,0개
548,경기도 안성시 대덕면 진현리,1개,0개,0개
549,경기도 안성시 미양면 개정리,1개,0개,0개
550,경기도 안성시 미양면 보체리,1개,0개,0개
551,경기도 안성시 미양면 양지리,1개,0개,0개
552,경기도 안성시 보개면 동신리,1개,0개,0개
553,경기도 안성시 보개면 이전리,1개,0개,0개
554,경기도 안성시 삼죽면 덕산리,1개,0개,0개
555,경기도 안성시 삼죽면 마전리,1개,0개,0개
556,경기도 안성시 서운면 동촌리,1개,0개,0개
557,경기도 안성시 서운면 산평리,1개,0개,0개
558,경기도 안성시 서운면 현매리,1개,0개,0개
559,경기도 안성시 아양동 ,1개,0개,0개
560,경기도 안성시 양성면 노곡리,1개,0개,0개
561,경기도 안성시 양성면 동항리,1개,1개,0개
562,경기도 안성시 옥산동,1개,0개,0개
563,경기도 안성시 원곡면 내가천리,1개,0개,0개
564,경기도 안성시 일죽면 방초리,1개,0개,0개
565,경기도 안성시 일죽면 주천리,1개,0개,0개
566,경기도 안성시 일죽면 화곡리,1개,0개,0개
567,경기도 안성시 죽산면 두교리,1개,0개,0개
568,경기도 안성시 죽산면 죽산리,1개,1개,1개
569,경기도 안양시 동안구 관양동,6개,4개,3개
570,경기도 안양시 동안구 비산동,7개,3개,2개
571,경기도 안양시 동안구 평촌동,6개,2개,2개
572,경기도 안양시 동안구 호계동,7개,6개,2개
573,경기도 안양시 만안구 박달동,2개,1개,1개
574,경기도 안양시 만안구 석수동,5개,2개,1개
575,경기도 안양시 만안구 안양동,8개,6개,10개
576,경기도 양주시 고암동,1개,1개,1개
577,경기도 양주시 고암동 ,2개,0개,0개
578,경기도 양주시 고읍동 ,1개,0개,0개
579,경기도 양주시 광사동 ,1개,0개,0개
580,경기도 양주시 광적면 가납리,1개,1개,0개
581,경기도 양주시 광적면 덕도리,1개,0개,0개
582,경기도 양주시 광적면 석우리,1개,0개,0개
583,경기도 양주시 남면 상수리,1개,0개,0개
584,경기도 양주시 남면 신산리,1개,1개,1개
585,경기도 양주시 남면 한산리,1개,0개,0개
586,경기도 양주시 덕계동 ,3개,0개,0개
587,경기도 양주시 덕정동 ,2개,0개,0개
588,경기도 양주시 만송동 ,1개,0개,0개
589,경기도 양주시 백석읍 복지리,2개,1개,0개
590,경기도 양주시 백석읍 연곡리,1개,0개,0개
591,경기도 양주시 백석읍 오산리,1개,0개,1개
592,경기도 양주시 산북동,1개,0개,0개
593,경기도 양주시 삼숭동,1개,1개,1개
594,경기도 양주시 삼숭동 ,1개,0개,0개
595,경기도 양주시 옥정동,2개,1개,2개
596,경기도 양주시 옥정동 ,3개,0개,0개
597,경기도 양주시 유양동,1개,0개,0개
598,경기도 양주시 은현면 봉암리,1개,0개,0개
599,경기도 양주시 은현면 선암리,1개,0개,0개
600,경기도 양주시 은현면 하패리,1개,0개,0개
601,경기도 양주시 장흥면 교현리,1개,0개,0개
602,경기도 양주시 장흥면 삼상리,1개,0개,0개
603,경기도 양주시 회정동,1개,0개,0개
604,경기도 양평군 강상면 세월리,1개,0개,0개
605,경기도 양평군 강상면 신화리,1개,0개,0개
606,경기도 양평군 강하면 운심리,1개,0개,0개
607,경기도 양평군 개군면 하자포리,1개,0개,0개
608,경기도 양평군 단월면 보룡리,1개,1개,0개
609,경기도 양평군 서종면 문호리,1개,1개,0개
610,경기도 양평군 서종면 수입리,1개,0개,0개
611,경기도 양평군 서종면 정배리,1개,0개,0개
612,경기도 양평군 양동면 고송리,1개,0개,0개
613,경기도 양평군 양동면 석곡리,1개,0개,0개
614,경기도 양평군 양서면 도곡리,1개,0개,0개
615,경기도 양평군 양서면 용담리,1개,1개,1개
616,경기도 양평군 양서면 증동리,1개,0개,0개
617,경기도 양평군 양평읍 양근리,1개,1개,2개
618,경기도 양평군 양평읍 원덕리,1개,0개,0개
619,경기도 양평군 양평읍 창대리,1개,0개,0개
620,경기도 양평군 옥천면 옥천리,1개,0개,0개
621,경기도 양평군 용문면 광탄리,1개,0개,0개
622,경기도 양평군 용문면 다문리,1개,0개,0개
623,경기도 양평군 용문면 조현리,1개,0개,0개
624,경기도 양평군 지평면 곡수리,1개,0개,0개
625,경기도 양평군 지평면 지평리,1개,1개,1개
626,경기도 양평군 청운면 용두리,1개,1개,1개
627,경기도 여주시 가남읍 금당리,1개,0개,0개
628,경기도 여주시 가남읍 송림리,1개,0개,0개
629,경기도 여주시 가남읍 오산리,1개,0개,0개
630,경기도 여주시 가남읍 태평리,1개,0개,0개
631,경기도 여주시 강천면 간매리,1개,1개,0개
632,경기도 여주시 강천면 도전리,1개,0개,0개
633,경기도 여주시 교동,1개,1개,1개
634,경기도 여주시 금사면 이포리,1개,0개,0개
635,경기도 여주시 금사면 하호리,1개,0개,0개
636,경기도 여주시 능서면 마래리,1개,0개,0개
637,경기도 여주시 능서면 백석리,1개,0개,0개
638,경기도 여주시 능서면 신지리,1개,0개,0개
639,경기도 여주시 대신면 송촌리,1개,0개,0개
640,경기도 여주시 대신면 율촌리,1개,1개,1개
641,경기도 여주시 대신면 천남리,1개,0개,0개
642,경기도 여주시 북내면 당우리,1개,0개,0개
643,경기도 여주시 북내면 중암리,1개,0개,0개
644,경기도 여주시 산북면 상품리,1개,1개,0개
645,경기도 여주시 상동,1개,1개,1개
646,경기도 여주시 오학동 ,1개,0개,0개
647,경기도 여주시 월송동 ,1개,0개,0개
648,경기도 여주시 점동면 청안리,1개,1개,1개
649,경기도 여주시 점봉동 ,1개,0개,0개
650,경기도 여주시 창동,1개,0개,0개
651,경기도 여주시 흥천면 문장리,1개,0개,0개
652,경기도 여주시 흥천면 효지리,1개,1개,0개
653,경기도 연천군 군남면 진상리,1개,1개,0개
654,경기도 연천군 군남면 황지리,1개,0개,0개
655,경기도 연천군 미산면 우정리,1개,0개,0개
656,경기도 연천군 백학면 노곡리,1개,0개,0개
657,경기도 연천군 백학면 두일리,1개,1개,0개
658,경기도 연천군 신서면 도신리,1개,1개,0개
659,경기도 연천군 연천읍 상리,1개,0개,0개
660,경기도 연천군 연천읍 차탄리,1개,0개,0개
661,경기도 연천군 전곡읍 은대리,1개,0개,1개
662,경기도 연천군 전곡읍 전곡리,1개,1개,0개
663,경기도 연천군 청산면 궁평리,1개,1개,0개
664,경기도 연천군 청산면 백의리,1개,0개,0개
665,경기도 연천군 청산면 초성리,1개,0개,0개
666,경기도 오산시 가수동 ,2개,0개,0개
667,경기도 오산시 갈곶동 ,1개,0개,0개
668,경기도 오산시 고현동,1개,0개,0개
669,경기도 오산시 궐동 ,1개,0개,0개
670,경기도 오산시 금암동 ,3개,0개,0개
671,경기도 오산시 내삼미동,1개,0개,0개
672,경기도 오산시 부산동 ,2개,0개,0개
673,경기도 오산시 세교동,1개,1개,1개
674,경기도 오산시 수청동 ,3개,0개,0개
675,경기도 오산시 양산동 ,1개,0개,0개
676,경기도 오산시 오산동,1개,1개,0개
677,경기도 오산시 오산동 ,2개,0개,0개
678,경기도 오산시 외삼미동,1개,0개,0개
679,경기도 오산시 원동 ,4개,0개,0개
680,경기도 오산시 지곶동,1개,0개,0개
681,경기도 용인시 기흥구 공세동,3개,0개,0개
682,경기도 용인시 기흥구 구갈동,5개,1개,1개
683,경기도 용인시 기흥구 동백동,3개,2개,2개
684,경기도 용인시 기흥구 마북동,4개,1개,1개
685,경기도 용인시 기흥구 보라동,2개,2개,1개
686,경기도 용인시 기흥구 보정동,3개,2개,1개
687,경기도 용인시 기흥구 상갈동,2개,1개,1개
688,경기도 용인시 기흥구 상하동,2개,1개,0개
689,경기도 용인시 기흥구 서천동,2개,1개,0개
690,경기도 용인시 기흥구 신갈동,3개,3개,1개
691,경기도 용인시 기흥구 언남동,2개,1개,0개
692,경기도 용인시 기흥구 영덕동,4개,1개,1개
693,경기도 용인시 기흥구 중동,4개,2개,1개
694,경기도 용인시 기흥구 지곡동,1개,0개,0개
695,경기도 용인시 기흥구 청덕동,1개,1개,1개
696,경기도 용인시 수지구 고기동,1개,0개,0개
697,경기도 용인시 수지구 동천동,3개,2개,0개
698,경기도 용인시 수지구 상현동,7개,2개,2개
699,경기도 용인시 수지구 성복동,3개,2개,1개
700,경기도 용인시 수지구 신봉동,4개,2개,2개
701,경기도 용인시 수지구 죽전동,8개,4개,3개
702,경기도 용인시 수지구 풍덕천동,6개,4개,2개
703,경기도 용인시 처인구 고림동,1개,1개,2개
704,경기도 용인시 처인구 김량장동,2개,2개,0개
705,경기도 용인시 처인구 남사면,4개,2개,0개
706,경기도 용인시 처인구 마평동,1개,0개,0개
707,경기도 용인시 처인구 모현읍,3개,1개,1개
708,경기도 용인시 처인구 백암면,4개,1개,1개
709,경기도 용인시 처인구 삼가동,1개,0개,0개
710,경기도 용인시 처인구 양지면,3개,1개,0개
711,경기도 용인시 처인구 역북동,2개,0개,1개
712,경기도 용인시 처인구 운학동,1개,0개,0개
713,경기도 용인시 처인구 원삼면,3개,2개,0개
714,경기도 용인시 처인구 유방동,1개,0개,0개
715,경기도 용인시 처인구 이동읍,3개,2개,1개
716,경기도 용인시 처인구 포곡읍,3개,2개,2개
717,경기도 의왕시 고천동 ,1개,0개,0개
718,경기도 의왕시 내손동,1개,1개,1개
719,경기도 의왕시 내손동 ,3개,0개,0개
720,경기도 의왕시 삼동,1개,0개,1개
721,경기도 의왕시 삼동 ,1개,0개,0개
722,경기도 의왕시 오전동,1개,3개,0개
723,경기도 의왕시 오전동 ,2개,0개,0개
724,경기도 의왕시 왕곡동 ,1개,0개,0개
725,경기도 의왕시 청계동,1개,1개,0개
726,경기도 의왕시 포일동 ,1개,0개,0개
727,경기도 의왕시 학의동 산,1개,0개,0개
728,경기도 의정부시 가능동 ,2개,0개,0개
729,경기도 의정부시 고산동,2개,0개,0개
730,경기도 의정부시 금오동 ,2개,0개,0개
731,경기도 의정부시 낙양동 ,1개,0개,0개
732,경기도 의정부시 녹양동 ,2개,0개,0개
733,경기도 의정부시 민락동 ,5개,0개,0개
734,경기도 의정부시 신곡동 ,8개,0개,0개
735,경기도 의정부시 용현동,1개,1개,1개
736,경기도 의정부시 용현동 ,2개,0개,0개
737,경기도 의정부시 의정부동,2개,0개,1개
738,경기도 의정부시 의정부동 ,1개,0개,0개
739,경기도 의정부시 장암동 ,2개,0개,0개
740,경기도 의정부시 호원동,1개,2개,1개
741,경기도 의정부시 호원동 ,3개,0개,0개
742,경기도 이천시 단월동 ,1개,0개,0개
743,경기도 이천시 대월면 사동리,1개,1개,0개
744,경기도 이천시 대월면 초지리,1개,1개,0개
745,경기도 이천시 마장면 목리,1개,0개,0개
746,경기도 이천시 마장면 오천리,1개,0개,0개
747,경기도 이천시 모가면 송곡리,1개,0개,0개
748,경기도 이천시 모가면 진가리,1개,0개,0개
749,경기도 이천시 백사면 도지리,1개,0개,0개
750,경기도 이천시 백사면 현방리,1개,0개,0개
751,경기도 이천시 부발읍 가산리,1개,0개,0개
752,경기도 이천시 부발읍 무촌리,1개,1개,0개
753,경기도 이천시 부발읍 신하리,1개,0개,0개
754,경기도 이천시 부발읍 아미리,1개,0개,0개
755,경기도 이천시 설성면 장천리,1개,0개,0개
756,경기도 이천시 설성면 행죽리,1개,0개,0개
757,경기도 이천시 송정동 ,1개,0개,0개
758,경기도 이천시 신둔면 도암리,1개,0개,0개
759,경기도 이천시 신둔면 수광리,1개,0개,0개
760,경기도 이천시 안흥동,1개,1개,1개
761,경기도 이천시 율면 고당리,1개,1개,1개
762,경기도 이천시 장호원읍 나래리,1개,0개,0개
763,경기도 이천시 장호원읍 대서리,1개,0개,0개
764,경기도 이천시 장호원읍 이황리,1개,0개,0개
765,경기도 이천시 장호원읍 진암리,1개,0개,0개
766,경기도 이천시 중리동 ,1개,0개,0개
767,경기도 이천시 증포동,1개,1개,1개
768,경기도 이천시 증포동 ,1개,0개,0개
769,경기도 이천시 창전동,2개,1개,0개
770,경기도 이천시 호법면 매곡리,1개,0개,0개
771,경기도 이천시 호법면 후안리,1개,0개,0개
772,경기도 파주시 검산동 ,1개,0개,0개
773,경기도 파주시 광탄면 신산리,1개,1개,1개
774,경기도 파주시 광탄면 용미리,1개,0개,1개
775,경기도 파주시 광탄면 창만리,1개,0개,0개
776,경기도 파주시 교하동 ,1개,0개,0개
777,경기도 파주시 군내면 백연리,1개,0개,0개
778,경기도 파주시 군내면 조산리,1개,0개,0개
779,경기도 파주시 금촌동 ,6개,0개,0개
780,경기도 파주시 다율동 ,1개,0개,0개
781,경기도 파주시 동패동,2개,3개,2개
782,경기도 파주시 동패동 ,3개,0개,0개
783,경기도 파주시 목동동 ,5개,0개,0개
784,경기도 파주시 문발동 ,1개,0개,0개
785,경기도 파주시 문산읍 당동리,1개,1개,2개
786,경기도 파주시 문산읍 마정리,1개,0개,0개
787,경기도 파주시 문산읍 문산리,2개,1개,0개
788,경기도 파주시 문산읍 선유리,1개,1개,0개
789,경기도 파주시 문산읍 이천리,1개,0개,0개
790,경기도 파주시 법원읍 법원리,1개,1개,1개
791,경기도 파주시 법원읍 웅담리,1개,0개,0개
792,경기도 파주시 아동동 ,1개,0개,0개
793,경기도 파주시 야당동,1개,2개,1개
794,경기도 파주시 야당동 ,2개,0개,0개
795,경기도 파주시 와동동,2개,2개,1개
796,경기도 파주시 와동동 ,1개,0개,0개
797,경기도 파주시 월롱면 덕은리,1개,0개,0개
798,경기도 파주시 월롱면 위전리,1개,0개,0개
799,경기도 파주시 적성면 마지리,1개,0개,1개
800,경기도 파주시 적성면 식현리,1개,1개,1개
801,경기도 파주시 적성면 적암리,1개,0개,0개
802,경기도 파주시 조리읍 뇌조리,1개,0개,0개
803,경기도 파주시 조리읍 능안리,1개,0개,0개
804,경기도 파주시 조리읍 대원리,1개,0개,0개
805,경기도 파주시 조리읍 봉일천리,1개,1개,1개
806,경기도 파주시 탄현면 갈현리,1개,0개,0개
807,경기도 파주시 탄현면 금승리,1개,0개,0개
808,경기도 파주시 탄현면 법흥리,1개,0개,0개
809,경기도 파주시 탄현면 축현리,1개,1개,0개
810,경기도 파주시 파주읍 연풍리,1개,1개,1개
811,경기도 파주시 파주읍 파주리,1개,0개,0개
812,경기도 파주시 파평면 눌노리,1개,0개,0개
813,경기도 파주시 파평면 두포리,1개,0개,0개
814,경기도 파주시 파평면 장파리,1개,0개,0개
815,경기도 평택시 가재동 ,1개,0개,0개
816,경기도 평택시 고덕면 방축리,1개,0개,0개
817,경기도 평택시 고덕면 여염리,1개,0개,0개
818,경기도 평택시 군문동 ,1개,0개,0개
819,경기도 평택시 동삭동,2개,0개,0개
820,경기도 평택시 동삭동 ,1개,0개,0개
821,경기도 평택시 비전동,2개,6개,6개
822,경기도 평택시 비전동 ,4개,0개,0개
823,경기도 평택시 서정동 ,4개,0개,0개
824,경기도 평택시 서탄면 금암리,1개,0개,0개
825,경기도 평택시 서탄면 수월암리,1개,0개,0개
826,경기도 평택시 세교동 ,3개,0개,0개
827,경기도 평택시 소사동 산,1개,0개,0개
828,경기도 평택시 신장동 ,1개,0개,0개
829,경기도 평택시 안중읍 안중리,1개,0개,1개
830,경기도 평택시 안중읍 현화리,3개,3개,2개
831,경기도 평택시 오성면 신리,1개,0개,0개
832,경기도 평택시 오성면 죽리,1개,0개,0개
833,경기도 평택시 용이동 ,3개,0개,0개
834,경기도 평택시 이충동 ,2개,0개,0개
835,경기도 평택시 장당동 ,1개,0개,0개
836,경기도 평택시 죽백동 ,2개,0개,0개
837,경기도 평택시 지산동 ,3개,0개,0개
838,경기도 평택시 진위면 갈곶리,1개,0개,0개
839,경기도 평택시 진위면 봉남리,1개,0개,0개
840,경기도 평택시 진위면 은산리,1개,0개,0개
841,경기도 평택시 청북읍 삼계리,1개,0개,0개
842,경기도 평택시 청북읍 어연리,1개,0개,0개
843,경기도 평택시 청북읍 옥길리,2개,1개,1개
844,경기도 평택시 청북읍 현곡리,1개,0개,0개
845,경기도 평택시 칠원동,1개,0개,0개
846,경기도 평택시 팽성읍 객사리,1개,0개,0개
847,경기도 평택시 팽성읍 본정리,1개,0개,0개
848,경기도 평택시 팽성읍 송화리,2개,1개,1개
849,경기도 평택시 평택동 ,1개,0개,0개
850,경기도 평택시 포승읍 내기리,1개,0개,0개
851,경기도 평택시 포승읍 도곡리,1개,1개,0개
852,경기도 평택시 포승읍 신영리,1개,0개,0개
853,경기도 평택시 포승읍 원정리,1개,0개,0개
854,경기도 평택시 포승읍 홍원리,1개,0개,0개
855,경기도 평택시 합정동,1개,0개,1개
856,경기도 평택시 합정동 ,1개,0개,0개
857,경기도 평택시 현덕면 권관리,1개,0개,0개
858,경기도 평택시 현덕면 대안리,1개,0개,0개
859,경기도 평택시 현덕면 인광리,1개,0개,0개
860,경기도 포천시 가산면 감암리,1개,1개,0개
861,경기도 포천시 가산면 마산리,1개,0개,0개
862,경기도 포천시 가산면 정교리,1개,0개,0개
863,경기도 포천시 관인면 중리,1개,0개,0개
864,경기도 포천시 관인면 탄동리,1개,1개,1개
865,경기도 포천시 군내면 직두리,1개,0개,0개
866,경기도 포천시 내촌면 내리,1개,0개,0개
867,경기도 포천시 선단동 ,1개,0개,0개
868,경기도 포천시 소흘읍 송우리,4개,3개,2개
869,경기도 포천시 소흘읍 이곡리,1개,0개,0개
870,경기도 포천시 소흘읍 이동교리,1개,0개,0개
871,경기도 포천시 신북면 가채리,1개,2개,0개
872,경기도 포천시 신북면 계류리,1개,0개,0개
873,경기도 포천시 신북면 삼정리,1개,0개,0개
874,경기도 포천시 신북면 신평리,1개,0개,0개
875,경기도 포천시 신읍동 ,1개,0개,0개
876,경기도 포천시 영북면 운천리,1개,1개,1개
877,경기도 포천시 영중면 금주리,1개,0개,0개
878,경기도 포천시 영중면 성동리,1개,0개,0개
879,경기도 포천시 영중면 영평리,1개,0개,0개
880,경기도 포천시 이동면 노곡리,1개,0개,0개
881,경기도 포천시 이동면 도평리,1개,0개,0개
882,경기도 포천시 이동면 장암리,1개,1개,0개
883,경기도 포천시 일동면 기산리,1개,1개,1개
884,경기도 포천시 일동면 화대리,1개,0개,0개
885,경기도 포천시 창수면 추동리,1개,0개,0개
886,경기도 포천시 화현면 지현리,1개,0개,0개
887,경기도 포천시 화현면 화현리,1개,0개,0개
888,경기도 하남시 감이동 ,2개,0개,0개
889,경기도 하남시 감일동,1개,0개,0개
890,경기도 하남시 감일동 ,1개,0개,0개
891,경기도 하남시 덕풍동 ,4개,0개,0개
892,경기도 하남시 망월동,1개,2개,2개
893,경기도 하남시 망월동 ,3개,0개,0개
894,경기도 하남시 선동 ,1개,0개,0개
895,경기도 하남시 신장동 ,3개,0개,0개
896,경기도 하남시 창우동 ,2개,0개,0개
897,경기도 하남시 풍산동 ,2개,0개,0개
898,경기도 하남시 하사창동 ,1개,0개,0개
899,경기도 하남시 하산곡동 ,1개,0개,0개
900,경기도 하남시 학암동,2개,1개,1개
901,경기도 화성시 기산동 ,1개,0개,0개
902,경기도 화성시 기안동 ,1개,0개,0개
903,경기도 화성시 남양읍 남양리,3개,2개,1개
904,경기도 화성시 남양읍 안석리,1개,0개,0개
905,경기도 화성시 능동,1개,2개,1개
906,경기도 화성시 능동 ,2개,0개,0개
907,경기도 화성시 마도면 석교리,1개,1개,0개
908,경기도 화성시 마도면 청원리,1개,0개,0개
909,경기도 화성시 매송면 송라리,1개,0개,0개
910,경기도 화성시 매송면 원평리,1개,0개,0개
911,경기도 화성시 목동,2개,0개,1개
912,경기도 화성시 목동 ,1개,0개,0개
913,경기도 화성시 반송동 ,7개,0개,0개
914,경기도 화성시 반월동,1개,2개,1개
915,경기도 화성시 반월동 ,3개,0개,0개
916,경기도 화성시 배양동 ,1개,0개,0개
917,경기도 화성시 병점동,2개,2개,2개
918,경기도 화성시 병점동 ,4개,0개,0개
919,경기도 화성시 봉담읍 동화리,3개,2개,1개
920,경기도 화성시 봉담읍 상리,1개,1개,0개
921,경기도 화성시 봉담읍 수기리,1개,0개,0개
922,경기도 화성시 봉담읍 수영리,2개,1개,0개
923,경기도 화성시 봉담읍 와우리,1개,0개,0개
924,경기도 화성시 봉담읍 유리,1개,0개,0개
925,경기도 화성시 비봉면 삼화리,1개,1개,0개
926,경기도 화성시 비봉면 청요리,1개,0개,0개
927,경기도 화성시 산척동,1개,0개,0개
928,경기도 화성시 산척동 ,1개,0개,0개
929,경기도 화성시 산척동 산,1개,1개,1개
930,경기도 화성시 새솔동,2개,1개,0개
931,경기도 화성시 서신면 궁평리,1개,0개,0개
932,경기도 화성시 서신면 매화리,1개,0개,0개
933,경기도 화성시 석우동 ,2개,0개,0개
934,경기도 화성시 송동 산,1개,0개,0개
935,경기도 화성시 송산동 ,1개,0개,0개
936,경기도 화성시 송산면 고정리,1개,0개,0개
937,경기도 화성시 송산면 마산리,1개,0개,0개
938,경기도 화성시 송산면 사강리,1개,1개,1개
939,경기도 화성시 안녕동 ,1개,0개,0개
940,경기도 화성시 양감면 사창리,1개,0개,0개
941,경기도 화성시 양감면 신왕리,1개,1개,0개
942,경기도 화성시 영천동,1개,1개,1개
943,경기도 화성시 영천동 ,4개,0개,0개
944,경기도 화성시 오산동,1개,1개,1개
945,경기도 화성시 오산동 ,1개,0개,0개
946,경기도 화성시 우정읍 석천리,1개,0개,0개
947,경기도 화성시 우정읍 조암리,1개,1개,1개
948,경기도 화성시 우정읍 화수리,1개,0개,0개
949,경기도 화성시 장안면 노진리,1개,0개,0개
950,경기도 화성시 장안면 석포리,1개,0개,0개
951,경기도 화성시 장안면 어은리,1개,0개,0개
952,경기도 화성시 장안면 장안리,2개,0개,0개
953,경기도 화성시 장지동,1개,1개,1개
954,경기도 화성시 장지동 ,3개,0개,0개
955,경기도 화성시 정남면 망월리,1개,0개,0개
956,경기도 화성시 정남면 발산리,1개,0개,0개
957,경기도 화성시 진안동 ,2개,0개,0개
958,경기도 화성시 청계동,3개,2개,1개
959,경기도 화성시 청계동 ,3개,0개,0개
960,경기도 화성시 팔탄면 구장리,1개,0개,0개
961,경기도 화성시 팔탄면 노하리,1개,0개,0개
962,경기도 화성시 팔탄면 월문리,1개,0개,0개
963,경기도 화성시 향남읍 갈천리,1개,0개,0개
964,경기도 화성시 향남읍 발안리,1개,0개,0개
965,경기도 화성시 향남읍 백토리,1개,0개,0개
966,경기도 화성시 향남읍 상신리,1개,0개,0개
967,경기도 화성시 향남읍 하길리,2개,1개,1개
968,경기도 화성시 향남읍 행정리,4개,1개,2개
969,인천광역시 강화군 강화읍 갑곳리,1개,1개,0개
970,인천광역시 강화군 강화읍 관청리,1개,1개,1개
971,인천광역시 강화군 강화읍 대산리,1개,0개,0개
972,인천광역시 강화군 강화읍 신문리,1개,0개,0개
973,인천광역시 강화군 교동면 대룡리,1개,1개,1개
974,인천광역시 강화군 교동면 삼선리,1개,0개,0개
975,인천광역시 강화군 길상면 온수리,1개,1개,1개
976,인천광역시 강화군 내가면 고천리,1개,0개,1개
977,인천광역시 강화군 불은면 두운리,1개,0개,0개
978,인천광역시 강화군 불은면 삼성리,1개,0개,0개
979,인천광역시 강화군 삼산면 매음리,1개,0개,0개
980,인천광역시 강화군 삼산면 석모리,1개,1개,0개
981,인천광역시 강화군 서도면 주문도리,1개,1개,1개
982,인천광역시 강화군 선원면 냉정리,1개,0개,0개
983,인천광역시 강화군 송해면 솔정리,1개,0개,0개
984,인천광역시 강화군 양도면 삼흥리,1개,0개,1개
985,인천광역시 강화군 양도면 조산리,1개,0개,0개
986,인천광역시 강화군 양사면 덕하리,1개,0개,0개
987,인천광역시 강화군 하점면 망월리,1개,0개,0개
988,인천광역시 강화군 하점면 신봉리,1개,0개,0개
989,인천광역시 강화군 화도면 상방리,1개,1개,0개
990,인천광역시 계양구 계산동,7개,3개,2개
991,인천광역시 계양구 귤현동,1개,1개,0개
992,인천광역시 계양구 동양동,1개,1개,0개
993,인천광역시 계양구 박촌동,1개,0개,0개
994,인천광역시 계양구 병방동,2개,2개,1개
995,인천광역시 계양구 상야동,1개,0개,0개
996,인천광역시 계양구 서운동,1개,1개,1개
997,인천광역시 계양구 용종동,2개,0개,1개
998,인천광역시 계양구 작전동,4개,1개,3개
999,인천광역시 계양구 장기동,1개,0개,0개
1000,인천광역시 계양구 효성동,4개,3개,1개
1001,인천광역시 계양구 효성동 ,1개,0개,0개
1002,인천광역시 계양구 효성동 산,1개,0개,0개
1003,인천광역시 남동구 간석동,5개,4개,5개
1004,인천광역시 남동구 구월동,8개,5개,0개
1005,인천광역시 남동구 남촌동,1개,0개,0개
1006,인천광역시 남동구 논현동,9개,3개,4개
1007,인천광역시 남동구 논현동 ,1개,2개,2개
1008,인천광역시 남동구 도림동,1개,0개,0개
1009,인천광역시 남동구 만수동,10개,6개,4개
1010,인천광역시 남동구 서창동,4개,2개,1개
1011,인천광역시 동구 송림동,4개,1개,3개
1012,인천광역시 동구 송현동,1개,0개,0개
1013,인천광역시 동구 창영동,2개,0개,1개
1014,인천광역시 동구 화수동,1개,1개,0개
1015,인천광역시 미추홀구 관교동,2개,3개,0개
1016,인천광역시 미추홀구 도화동,3개,3개,5개
1017,인천광역시 미추홀구 문학동,1개,0개,1개
1018,인천광역시 미추홀구 숭의동,2개,1개,0개
1019,인천광역시 미추홀구 용현동,3개,2개,1개
1020,인천광역시 미추홀구 용현동 ,1개,0개,0개
1021,인천광역시 미추홀구 주안동,6개,1개,2개
1022,인천광역시 미추홀구 학익동,4개,1개,4개
1023,인천광역시 미추홀구 학익동 ,1개,1개,0개
1024,인천광역시 부평구 갈산동,3개,1개,1개
1025,인천광역시 부평구 구산동,1개,0개,0개
1026,인천광역시 부평구 부개동,5개,5개,5개
1027,인천광역시 부평구 부개동 ,1개,0개,0개
1028,인천광역시 부평구 부평동,7개,4개,2개
1029,인천광역시 부평구 산곡동,9개,2개,6개
1030,인천광역시 부평구 산곡동 산,1개,0개,0개
1031,인천광역시 부평구 삼산동,5개,3개,3개
1032,인천광역시 부평구 삼산동 ,1개,0개,0개
1033,인천광역시 부평구 십정동,6개,3개,2개
1034,인천광역시 부평구 일신동,1개,0개,0개
1035,인천광역시 부평구 청천동,2개,1개,0개
1036,인천광역시 서구 가정동,3개,0개,1개
1037,인천광역시 서구 가좌동,4개,4개,2개
1038,인천광역시 서구 가좌동 ,1개,0개,0개
1039,인천광역시 서구 검암동,2개,2개,1개
1040,인천광역시 서구 검암동 ,1개,0개,0개
1041,인천광역시 서구 경서동,2개,0개,0개
1042,인천광역시 서구 공촌동,1개,0개,1개
1043,인천광역시 서구 금곡동,1개,0개,0개
1044,인천광역시 서구 당하동,3개,1개,1개
1045,인천광역시 서구 당하동 ,2개,0개,0개
1046,인천광역시 서구 마전동,2개,1개,2개
1047,인천광역시 서구 마전동 산,2개,0개,0개
1048,인천광역시 서구 불로동,2개,1개,0개
1049,인천광역시 서구 석남동,4개,2개,1개
1050,인천광역시 서구 신현동,3개,3개,1개
1051,인천광역시 서구 심곡동,2개,0개,0개
1052,인천광역시 서구 연희동,1개,1개,1개
1053,인천광역시 서구 오류동,1개,0개,0개
1054,인천광역시 서구 왕길동,1개,0개,0개
1055,인천광역시 서구 원당동,1개,0개,1개
1056,인천광역시 서구 원당동 산,1개,0개,0개
1057,인천광역시 서구 청라동,7개,4개,4개
1058,인천광역시 서구 청라동 ,1개,2개,0개
1059,인천광역시 연수구 동춘동,6개,3개,3개
1060,인천광역시 연수구 동춘동 ,1개,0개,0개
1061,인천광역시 연수구 선학동,1개,1개,0개
1062,인천광역시 연수구 송도동,15개,4개,6개
1063,인천광역시 연수구 연수동,5개,3개,3개
1064,인천광역시 연수구 옥련동,4개,2개,3개
1065,인천광역시 연수구 청학동,1개,2개,1개
1066,인천광역시 옹진군 대청면 대청리,1개,1개,1개
1067,인천광역시 옹진군 대청면 소청리,1개,0개,0개
1068,인천광역시 옹진군 덕적면 진리,1개,1개,1개
1069,인천광역시 옹진군 백령면 북포리,1개,1개,1개
1070,인천광역시 옹진군 백령면 진촌리,1개,0개,0개
1071,인천광역시 옹진군 북도면 신도리,1개,0개,0개
1072,인천광역시 옹진군 북도면 장봉리,1개,0개,0개
1073,인천광역시 옹진군 연평면 연평리,1개,1개,1개
1074,인천광역시 옹진군 영흥면 내리,1개,1개,1개
1075,인천광역시 옹진군 자월면 승봉리,1개,0개,0개
1076,인천광역시 옹진군 자월면 이작리,1개,0개,0개
1077,인천광역시 옹진군 자월면 자월리,1개,0개,0개
1078,인천광역시 중구 남북동,1개,1개,0개
1079,인천광역시 중구 답동,1개,1개,0개
1080,인천광역시 중구 무의동,1개,0개,0개
1081,인천광역시 중구 송학동2가,1개,0개,1개
1082,인천광역시 중구 신흥동3가,2개,1개,0개
1083,인천광역시 중구 운남동,2개,1개,1개
1084,인천광역시 중구 운북동 ,1개,0개,0개
1085,인천광역시 중구 운서동,2개,1개,4개
1086,인천광역시 중구 운서동 ,1개,0개,1개
1087,인천광역시 중구 전동,1개,0개,2개
1088,인천광역시 중구 중산동,3개,0개,1개
1089,인천광역시 중구 항동7가,1개,0개,0개
