addr,약국,병원
경기도 가평군 가평읍 대곡리,1개,3개
경기도 가평군 가평읍 읍내리,10개,23개
경기도 가평군 북면 목동리,1개,1개
경기도 가평군 상면 임초리,1개,1개
경기도 가평군 설악면 미사리,1개,1개
경기도 가평군 설악면 송산리,1개,1개
경기도 가평군 설악면 신천리,4개,8개
경기도 가평군 조종면 현리,3개,13개
경기도 가평군 청평면 상천리,1개,2개
경기도 가평군 청평면 청평리,4개,13개
경기도 고양시 덕양구 고양동,11개,27개
경기도 고양시 덕양구 관산동,8개,17개
경기도 고양시 덕양구 내유동,5개,6개
경기도 고양시 덕양구 대장동,1개,0개
경기도 고양시 덕양구 도내동,8개,19개
경기도 고양시 덕양구 동산동,7개,8개
경기도 고양시 덕양구 삼송동,10개,28개
경기도 고양시 덕양구 성사동,13개,50개
경기도 고양시 덕양구 신원동,8개,21개
경기도 고양시 덕양구 원흥동,4개,13개
경기도 고양시 덕양구 주교동,7개,17개
경기도 고양시 덕양구 토당동,15개,25개
경기도 고양시 덕양구 행신동,44개,114개
경기도 고양시 덕양구 향동동,6개,19개
경기도 고양시 덕양구 화전동,1개,1개
경기도 고양시 덕양구 화정동,43개,123개
경기도 고양시 일산동구 마두동,27개,76개
경기도 고양시 일산동구 백석동,28개,48개
경기도 고양시 일산동구 사리현동,1개,2개
경기도 고양시 일산동구 설문동,1개,1개
경기도 고양시 일산동구 식사동,13개,22개
경기도 고양시 일산동구 장항동,33개,108개
경기도 고양시 일산동구 정발산동,6개,20개
경기도 고양시 일산동구 중산동,14개,30개
경기도 고양시 일산동구 풍동,9개,33개
경기도 고양시 일산서구 가좌동,2개,8개
경기도 고양시 일산서구 대화동,38개,68개
경기도 고양시 일산서구 덕이동,6개,13개
경기도 고양시 일산서구 일산동,27개,85개
경기도 고양시 일산서구 주엽동,34개,143개
경기도 고양시 일산서구 탄현동,18개,55개
경기도 과천시 문원동,1개,1개
경기도 과천시 별양동,11개,41개
경기도 과천시 부림동,2개,5개
경기도 과천시 원문동,4개,11개
경기도 과천시 중앙동,3개,13개
경기도 광명시 광명동,38개,122개
경기도 광명시 소하동,19개,71개
경기도 광명시 일직동,8개,18개
경기도 광명시 철산동,30개,117개
경기도 광명시 하안동,26개,85개
경기도 광주시 경안동,18개,60개
경기도 광주시 곤지암읍 곤지암리,7개,20개
경기도 광주시 곤지암읍 만선리,1개,1개
경기도 광주시 곤지암읍 삼리,3개,7개
경기도 광주시 남한산성면 광지원리,1개,0개
경기도 광주시 도척면 노곡리,1개,2개
경기도 광주시 도척면 진우리,1개,2개
경기도 광주시 목현동,1개,0개
경기도 광주시 삼동,2개,2개
경기도 광주시 송정동,2개,5개
경기도 광주시 쌍령동,2개,6개
경기도 광주시 역동,7개,29개
경기도 광주시 오포읍 고산리,2개,1개
경기도 광주시 오포읍 능평리,6개,15개
경기도 광주시 오포읍 매산리,1개,1개
경기도 광주시 오포읍 문형리,1개,4개
경기도 광주시 오포읍 신현리,11개,23개
경기도 광주시 오포읍 양벌리,6개,21개
경기도 광주시 오포읍 추자리,1개,3개
경기도 광주시 장지동,2개,7개
경기도 광주시 중대동,2개,5개
경기도 광주시 초월읍 대쌍령리,2개,5개
경기도 광주시 초월읍 도평리,1개,3개
경기도 광주시 초월읍 산이리,4개,8개
경기도 광주시 초월읍 신월리,1개,0개
경기도 광주시 초월읍 쌍동리,1개,5개
경기도 광주시 초월읍 용수리,1개,0개
경기도 광주시 탄벌동,4개,8개
경기도 광주시 태전동,11개,30개
경기도 광주시 퇴촌면 관음리,1개,1개
경기도 광주시 퇴촌면 광동리,5개,9개
경기도 광주시 회덕동,2개,3개
경기도 구리시 갈매동,8개,33개
경기도 구리시 교문동,12개,25개
경기도 구리시 수택동,43개,133개
경기도 구리시 인창동,31개,119개
경기도 구리시 토평동,3개,10개
경기도 군포시 금정동,12개,24개
경기도 군포시 당동,24개,51개
경기도 군포시 당정동,3개,14개
경기도 군포시 대야미동,1개,4개
경기도 군포시 도마교동,2개,6개
경기도 군포시 부곡동,6개,12개
경기도 군포시 산본동,59개,197개
경기도 김포시 감정동,9개,22개
경기도 김포시 걸포동,6개,15개
경기도 김포시 고촌읍 신곡리,12개,30개
경기도 김포시 구래동,21개,75개
경기도 김포시 대곶면 율생리,3개,9개
경기도 김포시 마산동,5개,12개
경기도 김포시 북변동,12개,22개
경기도 김포시 사우동,13개,49개
경기도 김포시 양촌읍 구래리,1개,1개
경기도 김포시 양촌읍 양곡리,7개,17개
경기도 김포시 양촌읍 학운리,1개,5개
경기도 김포시 운양동,11개,29개
경기도 김포시 월곶면 군하리,2개,3개
경기도 김포시 월곶면 포내리,1개,0개
경기도 김포시 장기동,22개,101개
경기도 김포시 통진읍 마송리,8개,21개
경기도 김포시 통진읍 서암리,4개,6개
경기도 김포시 풍무동,18개,66개
경기도 김포시 하성면 마곡리,3개,7개
경기도 남양주시 금곡동,13개,21개
경기도 남양주시 다산동,39개,126개
경기도 남양주시 별내동,21개,68개
경기도 남양주시 별내면 청학리,4개,18개
경기도 남양주시 수동면 운수리,1개,5개
경기도 남양주시 수동면 입석리,1개,2개
경기도 남양주시 오남읍 양지리,8개,19개
경기도 남양주시 오남읍 오남리,12개,22개
경기도 남양주시 와부읍 덕소리,15개,56개
경기도 남양주시 와부읍 도곡리,6개,16개
경기도 남양주시 진건읍 용정리,10개,16개
경기도 남양주시 진접읍 금곡리,13개,39개
경기도 남양주시 진접읍 내각리,4개,4개
경기도 남양주시 진접읍 부평리,2개,2개
경기도 남양주시 진접읍 연평리,1개,0개
경기도 남양주시 진접읍 장현리,20개,40개
경기도 남양주시 진접읍 팔야리,3개,4개
경기도 남양주시 퇴계원읍 퇴계원리,13개,34개
경기도 남양주시 평내동,10개,26개
경기도 남양주시 호평동,17개,65개
경기도 남양주시 화도읍 가곡리,1개,1개
경기도 남양주시 화도읍 녹촌리,3개,4개
경기도 남양주시 화도읍 마석우리,17개,55개
경기도 남양주시 화도읍 묵현리,2개,7개
경기도 남양주시 화도읍 월산리,1개,2개
경기도 남양주시 화도읍 창현리,11개,19개
경기도 동두천시 상봉암동,1개,0개
경기도 동두천시 생연동,24개,39개
경기도 동두천시 지행동,14개,45개
경기도 부천시 고강동,16개,39개
경기도 부천시 괴안동,22개,63개
경기도 부천시 내동,3개,8개
경기도 부천시 도당동,9개,17개
경기도 부천시 범박동,4개,13개
경기도 부천시 삼정동,7개,14개
경기도 부천시 상동,45개,172개
경기도 부천시 소사동,8개,4개
경기도 부천시 소사본동,30개,49개
경기도 부천시 송내동,15개,39개
경기도 부천시 심곡동,25개,59개
경기도 부천시 심곡본동,26개,68개
경기도 부천시 약대동,3개,5개
경기도 부천시 여월동,5개,5개
경기도 부천시 역곡동,15개,50개
경기도 부천시 오정동,9개,19개
경기도 부천시 옥길동,8개,24개
경기도 부천시 원미동,18개,44개
경기도 부천시 원종동,32개,78개
경기도 부천시 작동,2개,5개
경기도 부천시 중동,66개,256개
경기도 부천시 춘의동,4개,6개
경기도 성남시 분당구 구미동,28개,91개
경기도 성남시 분당구 금곡동,22개,92개
경기도 성남시 분당구 백현동,7개,25개
경기도 성남시 분당구 분당동,3개,5개
경기도 성남시 분당구 삼평동,19개,83개
경기도 성남시 분당구 서현동,49개,186개
경기도 성남시 분당구 수내동,26개,100개
경기도 성남시 분당구 야탑동,44개,126개
경기도 성남시 분당구 운중동,7개,25개
경기도 성남시 분당구 이매동,10개,34개
경기도 성남시 분당구 정자동,33개,144개
경기도 성남시 분당구 판교동,7개,19개
경기도 성남시 수정구 고등동,2개,4개
경기도 성남시 수정구 단대동,6개,16개
경기도 성남시 수정구 복정동,2개,6개
경기도 성남시 수정구 산성동,5개,7개
경기도 성남시 수정구 수진동,18개,53개
경기도 성남시 수정구 시흥동,1개,2개
경기도 성남시 수정구 신흥동,33개,117개
경기도 성남시 수정구 양지동,2개,12개
경기도 성남시 수정구 창곡동,20개,105개
경기도 성남시 수정구 태평동,44개,87개
경기도 성남시 중원구 금광동,22개,56개
경기도 성남시 중원구 도촌동,3개,10개
경기도 성남시 중원구 상대원동,23개,67개
경기도 성남시 중원구 성남동,17개,89개
경기도 성남시 중원구 여수동,3개,12개
경기도 성남시 중원구 은행동,17개,40개
경기도 성남시 중원구 중앙동,12개,35개
경기도 성남시 중원구 하대원동,5개,10개
경기도 수원시 권선구 고색동,8개,12개
경기도 수원시 권선구 곡반정동,2개,8개
경기도 수원시 권선구 구운동,8개,10개
경기도 수원시 권선구 권선동,33개,112개
경기도 수원시 권선구 금곡동,20개,64개
경기도 수원시 권선구 당수동,2개,5개
경기도 수원시 권선구 서둔동,7개,10개
경기도 수원시 권선구 세류동,26개,50개
경기도 수원시 권선구 오목천동,7개,16개
경기도 수원시 권선구 입북동,1개,1개
경기도 수원시 권선구 탑동,9개,30개
경기도 수원시 권선구 호매실동,10개,24개
경기도 수원시 영통구 망포동,19개,64개
경기도 수원시 영통구 매탄동,36개,109개
경기도 수원시 영통구 신동,3개,4개
경기도 수원시 영통구 영통동,42개,157개
경기도 수원시 영통구 원천동,18개,33개
경기도 수원시 영통구 이의동,22개,74개
경기도 수원시 영통구 하동,5개,20개
경기도 수원시 장안구 송죽동,10개,23개
경기도 수원시 장안구 연무동,9개,19개
경기도 수원시 장안구 영화동,12개,31개
경기도 수원시 장안구 율전동,11개,32개
경기도 수원시 장안구 정자동,30개,79개
경기도 수원시 장안구 조원동,19개,61개
경기도 수원시 장안구 천천동,11개,50개
경기도 수원시 장안구 파장동,10개,28개
경기도 수원시 팔달구 고등동,2개,2개
경기도 수원시 팔달구 교동,2개,4개
경기도 수원시 팔달구 매교동,3개,1개
경기도 수원시 팔달구 매산로1가,15개,39개
경기도 수원시 팔달구 매산로2가,3개,16개
경기도 수원시 팔달구 매산로3가,1개,2개
경기도 수원시 팔달구 북수동,3개,4개
경기도 수원시 팔달구 신풍동,1개,2개
경기도 수원시 팔달구 영동,1개,6개
경기도 수원시 팔달구 우만동,18개,56개
경기도 수원시 팔달구 인계동,43개,177개
경기도 수원시 팔달구 지동,6개,17개
경기도 수원시 팔달구 팔달로1가,3개,3개
경기도 수원시 팔달구 팔달로2가,9개,19개
경기도 수원시 팔달구 팔달로3가,5개,13개
경기도 수원시 팔달구 화서동,25개,74개
경기도 시흥시 거모동,7개,21개
경기도 시흥시 논곡동,1개,2개
경기도 시흥시 능곡동,6개,18개
경기도 시흥시 대야동,18개,45개
경기도 시흥시 매화동,4개,7개
경기도 시흥시 목감동,5개,15개
경기도 시흥시 미산동,1개,1개
경기도 시흥시 배곧동,14개,52개
경기도 시흥시 신천동,19개,64개
경기도 시흥시 월곶동,4개,12개
경기도 시흥시 은행동,18개,55개
경기도 시흥시 장곡동,8개,14개
경기도 시흥시 장현동,1개,4개
경기도 시흥시 정왕동,54개,129개
경기도 시흥시 조남동,6개,13개
경기도 시흥시 죽율동,1개,1개
경기도 시흥시 포동,2개,4개
경기도 시흥시 하상동,1개,3개
경기도 시흥시 하중동,2개,8개
경기도 안산시 단원구 고잔동,69개,211개
경기도 안산시 단원구 대부북동,3개,6개
경기도 안산시 단원구 선부동,33개,86개
경기도 안산시 단원구 신길동,5개,10개
경기도 안산시 단원구 와동,9개,21개
경기도 안산시 단원구 원곡동,27개,57개
경기도 안산시 단원구 원시동,1개,4개
경기도 안산시 단원구 초지동,17개,42개
경기도 안산시 상록구 건건동,6개,15개
경기도 안산시 상록구 본오동,40개,111개
경기도 안산시 상록구 부곡동,6개,12개
경기도 안산시 상록구 사동,17개,39개
경기도 안산시 상록구 성포동,10개,23개
경기도 안산시 상록구 수암동,3개,5개
경기도 안산시 상록구 월피동,11개,25개
경기도 안산시 상록구 이동,14개,30개
경기도 안산시 상록구 일동,8개,12개
경기도 안산시 상록구 팔곡일동,1개,2개
경기도 안성시 고삼면 가유리,1개,1개
경기도 안성시 공도읍 만정리,7개,22개
경기도 안성시 공도읍 승두리,1개,3개
경기도 안성시 공도읍 양기리,1개,2개
경기도 안성시 공도읍 용두리,2개,5개
경기도 안성시 공도읍 진사리,6개,11개
경기도 안성시 금광면 신양복리,1개,1개
경기도 안성시 당왕동,4개,2개
경기도 안성시 대덕면 내리,1개,0개
경기도 안성시 대덕면 신령리,1개,2개
경기도 안성시 대천동,3개,15개
경기도 안성시 도기동,1개,1개
경기도 안성시 동본동,2개,5개
경기도 안성시 미양면 양변리,1개,0개
경기도 안성시 미양면 양지리,1개,1개
경기도 안성시 보개면 불현리,1개,0개
경기도 안성시 삼죽면 용월리,1개,0개
경기도 안성시 서인동,16개,17개
경기도 안성시 석정동,10개,35개
경기도 안성시 신소현동,1개,2개
경기도 안성시 아양동,2개,2개
경기도 안성시 양성면 동항리,1개,3개
경기도 안성시 양성면 명목리,1개,1개
경기도 안성시 연지동,1개,1개
경기도 안성시 옥산동,1개,3개
경기도 안성시 원곡면 성은리,1개,0개
경기도 안성시 원곡면 외가천리,1개,2개
경기도 안성시 원곡면 칠곡리,2개,0개
경기도 안성시 인지동,6개,9개
경기도 안성시 일죽면 송천리,2개,8개
경기도 안성시 죽산면 죽산리,4개,9개
경기도 안양시 동안구 관양동,54개,169개
경기도 안양시 동안구 비산동,28개,102개
경기도 안양시 동안구 평촌동,17개,62개
경기도 안양시 동안구 호계동,55개,214개
경기도 안양시 만안구 박달동,9개,32개
경기도 안양시 만안구 석수동,19개,43개
경기도 안양시 만안구 안양동,80개,206개
경기도 양주시 고암동,2개,0개
경기도 양주시 고읍동,2개,1개
경기도 양주시 광사동,8개,28개
경기도 양주시 광적면 가납리,5개,8개
경기도 양주시 광적면 석우리,1개,2개
경기도 양주시 남면 상수리,1개,0개
경기도 양주시 남면 신산리,3개,5개
경기도 양주시 덕계동,11개,22개
경기도 양주시 덕정동,15개,34개
경기도 양주시 만송동,1개,0개
경기도 양주시 백석읍 방성리,2개,0개
경기도 양주시 백석읍 복지리,6개,13개
경기도 양주시 백석읍 오산리,2개,0개
경기도 양주시 산북동,1개,0개
경기도 양주시 삼숭동,5개,11개
경기도 양주시 옥정동,12개,48개
경기도 양주시 은현면 봉암리,2개,1개
경기도 양주시 은현면 선암리,2개,0개
경기도 양주시 장흥면 부곡리,1개,3개
경기도 양주시 장흥면 일영리,2개,1개
경기도 양평군 강상면 병산리,1개,0개
경기도 양평군 강상면 송학리,1개,0개
경기도 양평군 강하면 운심리,1개,1개
경기도 양평군 개군면 하자포리,1개,0개
경기도 양평군 서종면 문호리,1개,5개
경기도 양평군 양동면 쌍학리,1개,2개
경기도 양평군 양서면 양수리,4개,8개
경기도 양평군 양서면 용담리,2개,0개
경기도 양평군 양평읍 공흥리,2개,6개
경기도 양평군 양평읍 도곡리,1개,0개
경기도 양평군 양평읍 양근리,16개,59개
경기도 양평군 옥천면 신복리,1개,1개
경기도 양평군 옥천면 옥천리,1개,4개
경기도 양평군 용문면 다문리,7개,18개
경기도 양평군 지평면 지평리,1개,4개
경기도 양평군 청운면 용두리,2개,2개
경기도 여주시 가남읍 태평리,6개,13개
경기도 여주시 금사면 이포리,1개,1개
경기도 여주시 능서면 신지리,1개,2개
경기도 여주시 대신면 율촌리,2개,4개
경기도 여주시 대신면 천서리,1개,0개
경기도 여주시 북내면 당우리,1개,3개
경기도 여주시 연라동,1개,0개
경기도 여주시 오학동,1개,2개
경기도 여주시 점동면 청안리,1개,3개
경기도 여주시 점봉동,2개,2개
경기도 여주시 창동,3개,13개
경기도 여주시 천송동,1개,1개
경기도 여주시 하동,5개,10개
경기도 여주시 현암동,2개,7개
경기도 여주시 홍문동,17개,49개
경기도 연천군 군남면 진상리,1개,0개
경기도 연천군 백학면 두일리,1개,1개
경기도 연천군 연천읍 상리,1개,1개
경기도 연천군 연천읍 차탄리,3개,6개
경기도 연천군 전곡읍 은대리,2개,2개
경기도 연천군 전곡읍 전곡리,12개,25개
경기도 연천군 청산면 궁평리,1개,1개
경기도 연천군 청산면 백의리,1개,0개
경기도 연천군 청산면 초성리,1개,0개
경기도 오산시 갈곶동,4개,6개
경기도 오산시 고현동,2개,3개
경기도 오산시 궐동,6개,9개
경기도 오산시 금암동,6개,25개
경기도 오산시 누읍동,3개,5개
경기도 오산시 부산동,3개,7개
경기도 오산시 세교동,3개,2개
경기도 오산시 수청동,7개,14개
경기도 오산시 양산동,2개,3개
경기도 오산시 오산동,24개,74개
경기도 오산시 외삼미동,3개,2개
경기도 오산시 원동,22개,65개
경기도 오산시 지곶동,1개,2개
경기도 용인시 기흥구 고매동,2개,1개
경기도 용인시 기흥구 공세동,5개,8개
경기도 용인시 기흥구 구갈동,17개,64개
경기도 용인시 기흥구 농서동,1개,5개
경기도 용인시 기흥구 동백동,7개,18개
경기도 용인시 기흥구 마북동,12개,31개
경기도 용인시 기흥구 보라동,8개,31개
경기도 용인시 기흥구 보정동,16개,66개
경기도 용인시 기흥구 상갈동,4개,12개
경기도 용인시 기흥구 상하동,5개,9개
경기도 용인시 기흥구 서천동,4개,14개
경기도 용인시 기흥구 신갈동,11개,39개
경기도 용인시 기흥구 언남동,10개,26개
경기도 용인시 기흥구 영덕동,17개,53개
경기도 용인시 기흥구 중동,34개,57개
경기도 용인시 기흥구 청덕동,4개,8개
경기도 용인시 기흥구 하갈동,1개,1개
경기도 용인시 수지구 동천동,13개,42개
경기도 용인시 수지구 상현동,30개,100개
경기도 용인시 수지구 성복동,18개,74개
경기도 용인시 수지구 신봉동,14개,34개
경기도 용인시 수지구 죽전동,23개,67개
경기도 용인시 수지구 풍덕천동,32개,108개
경기도 용인시 처인구 고림동,3개,3개
경기도 용인시 처인구 김량장동,30개,95개
경기도 용인시 처인구 남사읍 봉무리,1개,4개
경기도 용인시 처인구 남사읍 북리,1개,0개
경기도 용인시 처인구 남사읍 아곡리,3개,10개
경기도 용인시 처인구 남사읍 완장리,1개,2개
경기도 용인시 처인구 마평동,2개,6개
경기도 용인시 처인구 모현읍 능원리,1개,2개
경기도 용인시 처인구 모현읍 매산리,1개,0개
경기도 용인시 처인구 모현읍 오산리,1개,0개
경기도 용인시 처인구 모현읍 왕산리,5개,10개
경기도 용인시 처인구 백암면 백암리,2개,8개
경기도 용인시 처인구 삼가동,3개,5개
경기도 용인시 처인구 양지면 양지리,3개,10개
경기도 용인시 처인구 역북동,8개,24개
경기도 용인시 처인구 원삼면 고당리,2개,3개
경기도 용인시 처인구 원삼면 좌항리,1개,0개
경기도 용인시 처인구 유방동,2개,4개
경기도 용인시 처인구 이동읍 송전리,2개,5개
경기도 용인시 처인구 이동읍 천리,2개,7개
경기도 용인시 처인구 포곡읍 둔전리,6개,18개
경기도 용인시 처인구 포곡읍 삼계리,2개,2개
경기도 용인시 처인구 포곡읍 전대리,1개,3개
경기도 의왕시 고천동,4개,7개
경기도 의왕시 내손동,12개,51개
경기도 의왕시 삼동,10개,29개
경기도 의왕시 오전동,11개,31개
경기도 의왕시 왕곡동,1개,5개
경기도 의왕시 청계동,1개,6개
경기도 의왕시 포일동,5개,17개
경기도 의왕시 학의동,2개,1개
경기도 의정부시 가능동,16개,31개
경기도 의정부시 금오동,25개,44개
경기도 의정부시 낙양동,4개,10개
경기도 의정부시 녹양동,12개,20개
경기도 의정부시 민락동,18개,56개
경기도 의정부시 신곡동,23개,56개
경기도 의정부시 용현동,14개,37개
경기도 의정부시 의정부동,60개,182개
경기도 의정부시 장암동,4개,12개
경기도 의정부시 호원동,25개,84개
경기도 이천시 갈산동,2개,5개
경기도 이천시 관고동,5개,13개
경기도 이천시 대월면 사동리,1개,2개
경기도 이천시 대월면 초지리,1개,1개
경기도 이천시 마장면 각평리,1개,0개
경기도 이천시 마장면 오천리,2개,7개
경기도 이천시 모가면 진가리,1개,2개
경기도 이천시 백사면 모전리,1개,1개
경기도 이천시 백사면 조읍리,1개,0개
경기도 이천시 백사면 현방리,1개,3개
경기도 이천시 부발읍 무촌리,2개,7개
경기도 이천시 부발읍 신원리,1개,0개
경기도 이천시 부발읍 신하리,4개,10개
경기도 이천시 부발읍 아미리,5개,9개
경기도 이천시 부발읍 응암리,1개,0개
경기도 이천시 설성면 금당리,1개,1개
경기도 이천시 송정동,2개,6개
경기도 이천시 신둔면 남정리,1개,0개
경기도 이천시 신둔면 도암리,1개,1개
경기도 이천시 신둔면 수광리,3개,3개
경기도 이천시 안흥동,1개,1개
경기도 이천시 장호원읍 장호원리,10개,22개
경기도 이천시 중리동,18개,37개
경기도 이천시 증포동,4개,11개
경기도 이천시 창전동,24개,80개
경기도 이천시 호법면 유산리,1개,1개
경기도 파주시 광탄면 방축리,1개,0개
경기도 파주시 광탄면 신산리,4개,8개
경기도 파주시 광탄면 용미리,1개,0개
경기도 파주시 금릉동,1개,2개
경기도 파주시 금촌동,34개,90개
경기도 파주시 동패동,15개,66개
경기도 파주시 목동동,14개,42개
경기도 파주시 문발동,3개,4개
경기도 파주시 문산읍 당동리,5개,10개
경기도 파주시 문산읍 문산리,10개,32개
경기도 파주시 문산읍 선유리,4개,6개
경기도 파주시 법원읍 대능리,5개,8개
경기도 파주시 법원읍 법원리,1개,0개
경기도 파주시 아동동,5개,8개
경기도 파주시 야당동,10개,43개
경기도 파주시 와동동,12개,35개
경기도 파주시 월롱면 덕은리,1개,1개
경기도 파주시 월롱면 위전리,2개,1개
경기도 파주시 적성면 구읍리,1개,1개
경기도 파주시 적성면 마지리,4개,9개
경기도 파주시 조리읍 대원리,1개,3개
경기도 파주시 조리읍 봉일천리,5개,18개
경기도 파주시 탄현면 갈현리,1개,0개
경기도 파주시 탄현면 법흥리,3개,4개
경기도 파주시 파주읍 연풍리,1개,2개
경기도 파주시 파주읍 파주리,2개,4개
경기도 평택시 고덕면 궁리,1개,2개
경기도 평택시 고덕면 동청리,1개,1개
경기도 평택시 고덕면 여염리,3개,9개
경기도 평택시 군문동,1개,1개
경기도 평택시 독곡동,2개,2개
경기도 평택시 동삭동,7개,18개
경기도 평택시 비전동,25개,87개
경기도 평택시 서정동,22개,57개
경기도 평택시 서탄면 수월암리,1개,0개
경기도 평택시 세교동,9개,16개
경기도 평택시 소사동,1개,0개
경기도 평택시 신장동,12개,16개
경기도 평택시 안중읍 송담리,2개,5개
경기도 평택시 안중읍 안중리,13개,21개
경기도 평택시 안중읍 현화리,8개,25개
경기도 평택시 오성면 숙성리,1개,3개
경기도 평택시 용이동,6개,22개
경기도 평택시 이충동,7개,29개
경기도 평택시 장당동,1개,1개
경기도 평택시 장안동,1개,0개
경기도 평택시 지산동,15개,29개
경기도 평택시 지제동,2개,1개
경기도 평택시 진위면 하북리,1개,1개
경기도 평택시 청북읍 고렴리,1개,0개
경기도 평택시 청북읍 어연리,1개,1개
경기도 평택시 청북읍 옥길리,4개,11개
경기도 평택시 청북읍 후사리,1개,3개
경기도 평택시 칠원동,1개,3개
경기도 평택시 통복동,15개,27개
경기도 평택시 팽성읍 객사리,2개,4개
경기도 평택시 팽성읍 송화리,2개,4개
경기도 평택시 팽성읍 안정리,4개,15개
경기도 평택시 평택동,27개,84개
경기도 평택시 포승읍 내기리,1개,1개
경기도 평택시 포승읍 도곡리,6개,9개
경기도 평택시 포승읍 만호리,3개,1개
경기도 평택시 포승읍 원정리,1개,1개
경기도 평택시 합정동,20개,31개
경기도 포천시 가산면 마산리,2개,4개
경기도 포천시 관인면 탄동리,1개,1개
경기도 포천시 군내면 구읍리,2개,1개
경기도 포천시 내촌면 내리,2개,3개
경기도 포천시 선단동,3개,7개
경기도 포천시 소흘읍 고모리,1개,0개
경기도 포천시 소흘읍 송우리,16개,50개
경기도 포천시 소흘읍 이동교리,1개,0개
경기도 포천시 신읍동,16개,35개
경기도 포천시 영북면 운천리,5개,11개
경기도 포천시 영중면 양문리,2개,4개
경기도 포천시 이동면 장암리,1개,4개
경기도 포천시 일동면 기산리,6개,13개
경기도 하남시 감이동,1개,9개
경기도 하남시 감일동,2개,7개
경기도 하남시 덕풍동,26개,78개
경기도 하남시 망월동,34개,136개
경기도 하남시 선동,1개,1개
경기도 하남시 신장동,31개,81개
경기도 하남시 창우동,4개,7개
경기도 하남시 풍산동,11개,18개
경기도 하남시 학암동,1개,3개
경기도 화성시 기안동,4개,7개
경기도 화성시 남양읍 남양리,17개,43개
경기도 화성시 남양읍 북양리,3개,0개
경기도 화성시 능동,12개,33개
경기도 화성시 마도면 두곡리,1개,2개
경기도 화성시 마도면 쌍송리,1개,0개
경기도 화성시 매송면 원리,1개,0개
경기도 화성시 매송면 천천리,2개,0개
경기도 화성시 목동,5개,22개
경기도 화성시 반송동,35개,118개
경기도 화성시 반월동,13개,28개
경기도 화성시 병점동,14개,47개
경기도 화성시 봉담읍 덕우리,1개,0개
경기도 화성시 봉담읍 동화리,8개,32개
경기도 화성시 봉담읍 상리,5개,11개
경기도 화성시 봉담읍 수영리,1개,2개
경기도 화성시 봉담읍 와우리,10개,21개
경기도 화성시 봉담읍 왕림리,1개,0개
경기도 화성시 봉담읍 유리,1개,1개
경기도 화성시 비봉면 양노리,1개,4개
경기도 화성시 산척동,10개,56개
경기도 화성시 새솔동,7개,18개
경기도 화성시 서신면 매화리,1개,4개
경기도 화성시 서신면 송교리,1개,0개
경기도 화성시 석우동,10개,6개
경기도 화성시 송동,2개,4개
경기도 화성시 송산동,3개,4개
경기도 화성시 송산면 봉가리,1개,3개
경기도 화성시 송산면 사강리,4개,12개
경기도 화성시 안녕동,4개,6개
경기도 화성시 양감면 송산리,1개,0개
경기도 화성시 양감면 신왕리,1개,1개
경기도 화성시 영천동,11개,36개
경기도 화성시 오산동,13개,56개
경기도 화성시 우정읍 조암리,7개,22개
경기도 화성시 우정읍 화산리,2개,0개
경기도 화성시 장안면 독정리,1개,1개
경기도 화성시 장안면 석포리,1개,0개
경기도 화성시 장안면 수촌리,1개,0개
경기도 화성시 장지동,2개,5개
경기도 화성시 정남면 괘랑리,1개,2개
경기도 화성시 정남면 덕절리,2개,0개
경기도 화성시 정남면 발산리,1개,1개
경기도 화성시 정남면 보통리,2개,0개
경기도 화성시 정남면 제기리,1개,0개
경기도 화성시 진안동,14개,35개
경기도 화성시 청계동,9개,33개
경기도 화성시 팔탄면 구장리,1개,6개
경기도 화성시 팔탄면 율암리,1개,0개
경기도 화성시 팔탄면 창곡리,1개,0개
경기도 화성시 향남읍 관리,1개,0개
경기도 화성시 향남읍 구문천리,1개,1개
경기도 화성시 향남읍 발안리,1개,2개
경기도 화성시 향남읍 상신리,1개,2개
경기도 화성시 향남읍 수직리,1개,0개
경기도 화성시 향남읍 평리,8개,19개
경기도 화성시 향남읍 하길리,6개,19개
경기도 화성시 향남읍 행정리,11개,42개
서울특별시 강남구 개포동,27개,92개
서울특별시 강남구 논현동,82개,449개
서울특별시 강남구 대치동,59개,286개
서울특별시 강남구 도곡동,33개,127개
서울특별시 강남구 삼성동,34개,168개
서울특별시 강남구 세곡동,4개,17개
서울특별시 강남구 수서동,15개,40개
서울특별시 강남구 신사동,74개,660개
서울특별시 강남구 압구정동,5개,13개
서울특별시 강남구 역삼동,103개,555개
서울특별시 강남구 율현동,1개,5개
서울특별시 강남구 일원동,28개,47개
서울특별시 강남구 자곡동,5개,10개
서울특별시 강남구 청담동,26개,243개
서울특별시 강동구 강일동,12개,29개
서울특별시 강동구 고덕동,14개,46개
서울특별시 강동구 길동,35개,108개
서울특별시 강동구 둔촌동,18개,27개
서울특별시 강동구 명일동,40개,135개
서울특별시 강동구 상일동,10개,25개
서울특별시 강동구 성내동,43개,170개
서울특별시 강동구 암사동,23개,84개
서울특별시 강동구 천호동,60개,188개
서울특별시 강북구 미아동,74개,231개
서울특별시 강북구 번동,28개,74개
서울특별시 강북구 수유동,62개,139개
서울특별시 강북구 우이동,5개,6개
서울특별시 강서구 가양동,19개,54개
서울특별시 강서구 공항동,10개,22개
서울특별시 강서구 과해동,1개,0개
서울특별시 강서구 내발산동,24개,71개
서울특별시 강서구 등촌동,36개,106개
서울특별시 강서구 마곡동,38개,151개
서울특별시 강서구 방화동,28개,83개
서울특별시 강서구 염창동,14개,44개
서울특별시 강서구 화곡동,92개,313개
서울특별시 관악구 남현동,8개,28개
서울특별시 관악구 봉천동,107개,354개
서울특별시 관악구 신림동,113개,308개
서울특별시 광진구 광장동,8개,28개
서울특별시 광진구 구의동,29개,118개
서울특별시 광진구 군자동,9개,37개
서울특별시 광진구 능동,4개,16개
서울특별시 광진구 자양동,41개,156개
서울특별시 광진구 중곡동,42개,134개
서울특별시 광진구 화양동,17개,57개
서울특별시 구로구 가리봉동,6개,10개
서울특별시 구로구 개봉동,31개,97개
서울특별시 구로구 고척동,24개,64개
서울특별시 구로구 구로동,86개,230개
서울특별시 구로구 궁동,3개,7개
서울특별시 구로구 신도림동,13개,58개
서울특별시 구로구 오류동,17개,55개
서울특별시 구로구 온수동,2개,7개
서울특별시 구로구 천왕동,3개,14개
서울특별시 구로구 항동,3개,7개
서울특별시 금천구 가산동,23개,75개
서울특별시 금천구 독산동,49개,121개
서울특별시 금천구 시흥동,58개,145개
서울특별시 노원구 공릉동,41개,99개
서울특별시 노원구 상계동,101개,384개
서울특별시 노원구 월계동,27개,73개
서울특별시 노원구 중계동,44개,139개
서울특별시 노원구 하계동,17개,25개
서울특별시 도봉구 도봉동,16개,37개
서울특별시 도봉구 방학동,29개,93개
서울특별시 도봉구 쌍문동,32개,79개
서울특별시 도봉구 창동,45개,142개
서울특별시 동대문구 답십리동,27개,92개
서울특별시 동대문구 신설동,5개,13개
서울특별시 동대문구 용두동,22개,44개
서울특별시 동대문구 이문동,22개,51개
서울특별시 동대문구 장안동,49개,129개
서울특별시 동대문구 전농동,28개,66개
서울특별시 동대문구 제기동,76개,91개
서울특별시 동대문구 청량리동,20개,53개
서울특별시 동대문구 회기동,17개,9개
서울특별시 동대문구 휘경동,19개,32개
서울특별시 동작구 노량진동,24개,37개
서울특별시 동작구 대방동,17개,61개
서울특별시 동작구 본동,4개,6개
서울특별시 동작구 사당동,45개,195개
서울특별시 동작구 상도1동,7개,22개
서울특별시 동작구 상도동,51개,154개
서울특별시 동작구 신대방동,25개,64개
서울특별시 동작구 흑석동,24개,48개
서울특별시 마포구 공덕동,17개,59개
서울특별시 마포구 구수동,1개,8개
서울특별시 마포구 노고산동,11개,61개
서울특별시 마포구 대흥동,14개,42개
서울특별시 마포구 도화동,22개,87개
서울특별시 마포구 동교동,13개,76개
서울특별시 마포구 마포동,1개,1개
서울특별시 마포구 망원동,21개,66개
서울특별시 마포구 상수동,4개,7개
서울특별시 마포구 상암동,16개,59개
서울특별시 마포구 서교동,17개,65개
서울특별시 마포구 성산동,12개,29개
서울특별시 마포구 신공덕동,7개,16개
서울특별시 마포구 신수동,5개,13개
서울특별시 마포구 아현동,16개,54개
서울특별시 마포구 연남동,2개,11개
서울특별시 마포구 염리동,6개,22개
서울특별시 마포구 용강동,2개,5개
서울특별시 마포구 중동,5개,14개
서울특별시 마포구 창전동,3개,13개
서울특별시 마포구 토정동,1개,0개
서울특별시 마포구 합정동,10개,33개
서울특별시 서대문구 남가좌동,23개,67개
서울특별시 서대문구 냉천동,1개,6개
서울특별시 서대문구 대신동,4개,1개
서울특별시 서대문구 대현동,6개,13개
서울특별시 서대문구 미근동,2개,2개
서울특별시 서대문구 북가좌동,19개,56개
서울특별시 서대문구 북아현동,10개,22개
서울특별시 서대문구 신촌동,1개,1개
서울특별시 서대문구 연희동,14개,36개
서울특별시 서대문구 영천동,3개,11개
서울특별시 서대문구 옥천동,1개,6개
서울특별시 서대문구 창천동,18개,46개
서울특별시 서대문구 충정로2가,3개,13개
서울특별시 서대문구 충정로3가,1개,8개
서울특별시 서대문구 홍은동,15개,30개
서울특별시 서대문구 홍제동,31개,101개
서울특별시 서초구 내곡동,4개,13개
서울특별시 서초구 반포동,38개,168개
서울특별시 서초구 방배동,38개,216개
서울특별시 서초구 서초동,94개,591개
서울특별시 서초구 신원동,1개,6개
서울특별시 서초구 양재동,23개,86개
서울특별시 서초구 우면동,6개,27개
서울특별시 서초구 잠원동,22개,160개
서울특별시 성동구 금호동1가,6개,16개
서울특별시 성동구 금호동2가,4개,11개
서울특별시 성동구 금호동3가,10개,21개
서울특별시 성동구 금호동4가,8개,27개
서울특별시 성동구 도선동,5개,29개
서울특별시 성동구 마장동,8개,21개
서울특별시 성동구 사근동,1개,0개
서울특별시 성동구 상왕십리동,1개,6개
서울특별시 성동구 성수동1가,11개,43개
서울특별시 성동구 성수동2가,24개,68개
서울특별시 성동구 송정동,5개,4개
서울특별시 성동구 옥수동,11개,36개
서울특별시 성동구 용답동,8개,22개
서울특별시 성동구 응봉동,2개,7개
서울특별시 성동구 하왕십리동,16개,48개
서울특별시 성동구 행당동,29개,87개
서울특별시 성동구 홍익동,3개,4개
서울특별시 성북구 길음동,23개,61개
서울특별시 성북구 돈암동,8개,22개
서울특별시 성북구 동선동1가,5개,14개
서울특별시 성북구 동선동3가,1개,0개
서울특별시 성북구 동선동4가,4개,18개
서울특별시 성북구 동소문동1가,3개,10개
서울특별시 성북구 동소문동2가,5개,13개
서울특별시 성북구 동소문동3가,3개,6개
서울특별시 성북구 동소문동4가,2개,6개
서울특별시 성북구 동소문동5가,3개,9개
서울특별시 성북구 동소문동6가,5개,26개
서울특별시 성북구 동소문동7가,2개,2개
서울특별시 성북구 보문동2가,1개,4개
서울특별시 성북구 보문동4가,1개,3개
서울특별시 성북구 보문동5가,3개,6개
서울특별시 성북구 보문동7가,1개,1개
서울특별시 성북구 삼선동1가,2개,3개
서울특별시 성북구 삼선동4가,3개,4개
서울특별시 성북구 삼선동5가,1개,7개
서울특별시 성북구 상월곡동,1개,6개
서울특별시 성북구 석관동,17개,40개
서울특별시 성북구 성북동1가,1개,9개
서울특별시 성북구 안암동2가,1개,2개
서울특별시 성북구 안암동5가,9개,10개
서울특별시 성북구 장위동,24개,39개
서울특별시 성북구 정릉동,29개,72개
서울특별시 성북구 종암동,19개,42개
서울특별시 성북구 하월곡동,26개,66개
서울특별시 송파구 가락동,57개,148개
서울특별시 송파구 거여동,16개,60개
서울특별시 송파구 마천동,23개,57개
서울특별시 송파구 문정동,35개,131개
서울특별시 송파구 방이동,35개,114개
서울특별시 송파구 삼전동,19개,50개
서울특별시 송파구 석촌동,28개,82개
서울특별시 송파구 송파동,28개,88개
서울특별시 송파구 신천동,36개,111개
서울특별시 송파구 오금동,13개,37개
서울특별시 송파구 잠실동,56개,223개
서울특별시 송파구 장지동,11개,29개
서울특별시 송파구 풍납동,37개,43개
서울특별시 양천구 목동,76개,278개
서울특별시 양천구 신월동,57개,118개
서울특별시 양천구 신정동,58개,239개
서울특별시 영등포구 당산동1가,5개,8개
서울특별시 영등포구 당산동2가,1개,7개
서울특별시 영등포구 당산동3가,4개,22개
서울특별시 영등포구 당산동4가,5개,17개
서울특별시 영등포구 당산동5가,7개,34개
서울특별시 영등포구 당산동6가,7개,34개
서울특별시 영등포구 대림동,45개,88개
서울특별시 영등포구 도림동,6개,17개
서울특별시 영등포구 문래동2가,1개,3개
서울특별시 영등포구 문래동3가,11개,37개
서울특별시 영등포구 문래동4가,1개,2개
서울특별시 영등포구 문래동6가,4개,14개
서울특별시 영등포구 신길동,53개,143개
서울특별시 영등포구 양평동1가,2개,3개
서울특별시 영등포구 양평동2가,3개,9개
서울특별시 영등포구 양평동3가,2개,6개
서울특별시 영등포구 양평동4가,3개,16개
서울특별시 영등포구 양평동5가,4개,8개
서울특별시 영등포구 여의도동,48개,164개
서울특별시 영등포구 영등포동,9개,16개
서울특별시 영등포구 영등포동2가,5개,0개
서울특별시 영등포구 영등포동3가,7개,32개
서울특별시 영등포구 영등포동4가,14개,25개
서울특별시 영등포구 영등포동5가,7개,16개
서울특별시 영등포구 영등포동6가,4개,19개
서울특별시 영등포구 영등포동7가,2개,5개
서울특별시 영등포구 영등포동8가,2개,11개
서울특별시 용산구 갈월동,7개,28개
서울특별시 용산구 남영동,3개,8개
서울특별시 용산구 도원동,2개,3개
서울특별시 용산구 동자동,4개,3개
서울특별시 용산구 보광동,9개,20개
서울특별시 용산구 산천동,1개,4개
서울특별시 용산구 서계동,3개,7개
서울특별시 용산구 용문동,1개,11개
서울특별시 용산구 용산동2가,4개,7개
서울특별시 용산구 용산동3가,1개,2개
서울특별시 용산구 용산동6가,1개,1개
서울특별시 용산구 원효로1가,1개,9개
서울특별시 용산구 원효로2가,5개,11개
서울특별시 용산구 원효로3가,2개,1개
서울특별시 용산구 원효로4가,1개,1개
서울특별시 용산구 이촌동,14개,45개
서울특별시 용산구 이태원동,7개,21개
서울특별시 용산구 청파동1가,2개,1개
서울특별시 용산구 청파동2가,3개,4개
서울특별시 용산구 청파동3가,4개,6개
서울특별시 용산구 한강로1가,1개,7개
서울특별시 용산구 한강로2가,12개,38개
서울특별시 용산구 한강로3가,12개,20개
서울특별시 용산구 한남동,13개,31개
서울특별시 용산구 효창동,5개,11개
서울특별시 용산구 후암동,8개,16개
서울특별시 은평구 갈현동,27개,74개
서울특별시 은평구 구산동,8개,26개
서울특별시 은평구 녹번동,13개,28개
서울특별시 은평구 대조동,25개,98개
서울특별시 은평구 불광동,25개,104개
서울특별시 은평구 수색동,5개,8개
서울특별시 은평구 신사동,15개,47개
서울특별시 은평구 역촌동,18개,51개
서울특별시 은평구 응암동,49개,143개
서울특별시 은평구 증산동,8개,22개
서울특별시 은평구 진관동,26개,60개
서울특별시 종로구 견지동,1개,7개
서울특별시 종로구 경운동,2개,7개
서울특별시 종로구 계동,1개,3개
서울특별시 종로구 관수동,1개,4개
서울특별시 종로구 관철동,3개,10개
서울특별시 종로구 관훈동,1개,2개
서울특별시 종로구 교남동,1개,2개
서울특별시 종로구 교북동,1개,3개
서울특별시 종로구 구기동,2개,5개
서울특별시 종로구 낙원동,2개,4개
서울특별시 종로구 내자동,4개,8개
서울특별시 종로구 누하동,1개,2개
서울특별시 종로구 당주동,2개,12개
서울특별시 종로구 도렴동,1개,2개
서울특별시 종로구 돈의동,1개,1개
서울특별시 종로구 동숭동,2개,8개
서울특별시 종로구 명륜1가,2개,6개
서울특별시 종로구 명륜2가,3개,8개
서울특별시 종로구 명륜3가,2개,1개
서울특별시 종로구 명륜4가,6개,1개
서울특별시 종로구 묘동,1개,2개
서울특별시 종로구 무악동,5개,4개
서울특별시 종로구 봉익동,1개,0개
서울특별시 종로구 서린동,1개,10개
서울특별시 종로구 세종로,1개,6개
서울특별시 종로구 수송동,2개,9개
서울특별시 종로구 숭인동,7개,26개
서울특별시 종로구 신문로1가,4개,20개
서울특별시 종로구 신영동,1개,1개
서울특별시 종로구 안국동,1개,4개
서울특별시 종로구 연건동,8개,1개
서울특별시 종로구 옥인동,2개,1개
서울특별시 종로구 원남동,5개,0개
서울특별시 종로구 적선동,3개,12개
서울특별시 종로구 종로1가,6개,17개
서울특별시 종로구 종로2가,5개,18개
서울특별시 종로구 종로3가,6개,18개
서울특별시 종로구 종로4가,12개,10개
서울특별시 종로구 종로5가,23개,42개
서울특별시 종로구 종로6가,6개,26개
서울특별시 종로구 창성동,1개,3개
서울특별시 종로구 창신동,16개,51개
서울특별시 종로구 청진동,5개,17개
서울특별시 종로구 충신동,1개,2개
서울특별시 종로구 통인동,1개,1개
서울특별시 종로구 평동,12개,4개
서울특별시 종로구 평창동,3개,8개
서울특별시 종로구 혜화동,4개,12개
서울특별시 종로구 홍파동,2개,6개
서울특별시 중구 광희동1가,1개,1개
서울특별시 중구 광희동2가,1개,4개
서울특별시 중구 남대문로2가,1개,1개
서울특별시 중구 남대문로3가,2개,2개
서울특별시 중구 남대문로4가,2개,6개
서울특별시 중구 남대문로5가,5개,22개
서울특별시 중구 남산동1가,1개,8개
서울특별시 중구 남창동,5개,16개
서울특별시 중구 다동,2개,8개
서울특별시 중구 만리동2가,1개,4개
서울특별시 중구 명동1가,4개,10개
서울특별시 중구 명동2가,3개,20개
서울특별시 중구 무교동,3개,17개
서울특별시 중구 무학동,2개,7개
서울특별시 중구 묵정동,1개,3개
서울특별시 중구 방산동,1개,3개
서울특별시 중구 봉래동2가,1개,0개
서울특별시 중구 북창동,1개,2개
서울특별시 중구 삼각동,1개,3개
서울특별시 중구 서소문동,5개,23개
서울특별시 중구 소공동,2개,7개
서울특별시 중구 수표동,1개,2개
서울특별시 중구 수하동,1개,2개
서울특별시 중구 순화동,1개,8개
서울특별시 중구 신당동,40개,121개
서울특별시 중구 쌍림동,1개,5개
서울특별시 중구 오장동,2개,0개
서울특별시 중구 을지로1가,2개,5개
서울특별시 중구 을지로2가,6개,21개
서울특별시 중구 을지로3가,1개,5개
서울특별시 중구 을지로4가,5개,16개
서울특별시 중구 을지로6가,7개,15개
서울특별시 중구 의주로1가,1개,2개
서울특별시 중구 인현동2가,1개,0개
서울특별시 중구 장교동,1개,2개
서울특별시 중구 장충동1가,1개,3개
서울특별시 중구 저동2가,6개,6개
서울특별시 중구 중림동,6개,19개
서울특별시 중구 초동,3개,6개
서울특별시 중구 충무로1가,3개,15개
서울특별시 중구 충무로2가,5개,18개
서울특별시 중구 충무로4가,3개,6개
서울특별시 중구 태평로1가,2개,6개
서울특별시 중구 태평로2가,2개,11개
서울특별시 중구 필동1가,1개,4개
서울특별시 중구 필동2가,2개,5개
서울특별시 중구 필동3가,1개,1개
서울특별시 중구 황학동,11개,24개
서울특별시 중구 회현동1가,2개,14개
서울특별시 중구 흥인동,4개,6개
서울특별시 중랑구 망우동,30개,76개
서울특별시 중랑구 면목동,68개,192개
서울특별시 중랑구 묵동,20개,57개
서울특별시 중랑구 상봉동,20개,70개
서울특별시 중랑구 신내동,26개,63개
서울특별시 중랑구 중화동,21개,59개
인천광역시 강화군 강화읍 갑곳리,2개,3개
인천광역시 강화군 강화읍 관청리,5개,15개
인천광역시 강화군 강화읍 남산리,7개,13개
인천광역시 강화군 강화읍 신문리,3개,14개
인천광역시 강화군 길상면 온수리,2개,8개
인천광역시 강화군 내가면 고천리,1개,1개
인천광역시 강화군 내가면 외포리,1개,0개
인천광역시 강화군 선원면 창리,1개,0개
인천광역시 강화군 화도면 상방리,1개,2개
인천광역시 계양구 계산동,35개,121개
인천광역시 계양구 귤현동,2개,4개
인천광역시 계양구 동양동,3개,11개
인천광역시 계양구 박촌동,1개,9개
인천광역시 계양구 병방동,7개,29개
인천광역시 계양구 용종동,4개,20개
인천광역시 계양구 임학동,6개,19개
인천광역시 계양구 작전동,43개,85개
인천광역시 계양구 장기동,2개,5개
인천광역시 계양구 효성동,16개,44개
인천광역시 남동구 간석동,49개,112개
인천광역시 남동구 고잔동,1개,5개
인천광역시 남동구 구월동,76개,282개
인천광역시 남동구 남촌동,6개,9개
인천광역시 남동구 논현동,39개,121개
인천광역시 남동구 도림동,2개,6개
인천광역시 남동구 만수동,44개,123개
인천광역시 남동구 서창동,14개,46개
인천광역시 남동구 장수동,2개,1개
인천광역시 동구 금곡동,2개,3개
인천광역시 동구 만석동,2개,3개
인천광역시 동구 송림동,18개,47개
인천광역시 동구 송현동,8개,21개
인천광역시 동구 화수동,3개,6개
인천광역시 동구 화평동,2개,6개
인천광역시 미추홀구 관교동,4개,7개
인천광역시 미추홀구 도화동,17개,44개
인천광역시 미추홀구 문학동,3개,3개
인천광역시 미추홀구 숭의동,18개,27개
인천광역시 미추홀구 용현동,44개,110개
인천광역시 미추홀구 주안동,77개,205개
인천광역시 미추홀구 학익동,14개,44개
인천광역시 부평구 갈산동,7개,21개
인천광역시 부평구 구산동,1개,2개
인천광역시 부평구 부개동,25개,58개
인천광역시 부평구 부평동,97개,269개
인천광역시 부평구 산곡동,35개,90개
인천광역시 부평구 삼산동,20개,74개
인천광역시 부평구 십정동,17개,51개
인천광역시 부평구 일신동,5개,8개
인천광역시 부평구 청천동,19개,34개
인천광역시 서구 가정동,14개,47개
인천광역시 서구 가좌동,24개,63개
인천광역시 서구 검암동,5개,21개
인천광역시 서구 경서동,1개,11개
인천광역시 서구 공촌동,1개,1개
인천광역시 서구 당하동,14개,36개
인천광역시 서구 마전동,12개,46개
인천광역시 서구 불로동,5개,12개
인천광역시 서구 석남동,25개,63개
인천광역시 서구 신현동,8개,28개
인천광역시 서구 심곡동,13개,30개
인천광역시 서구 연희동,5개,8개
인천광역시 서구 오류동,1개,2개
인천광역시 서구 왕길동,12개,31개
인천광역시 서구 원당동,4개,7개
인천광역시 서구 청라동,27개,89개
인천광역시 연수구 동춘동,17개,63개
인천광역시 연수구 선학동,6개,15개
인천광역시 연수구 송도동,47개,186개
인천광역시 연수구 연수동,23개,65개
인천광역시 연수구 옥련동,10개,47개
인천광역시 연수구 청학동,11개,22개
인천광역시 옹진군 백령면 진촌리,1개,0개
인천광역시 옹진군 영흥면 내리,2개,2개
인천광역시 옹진군 영흥면 선재리,1개,1개
인천광역시 중구 경동,2개,3개
인천광역시 중구 답동,2개,3개
인천광역시 중구 도원동,1개,0개
인천광역시 중구 선린동,1개,1개
인천광역시 중구 선화동,1개,0개
인천광역시 중구 신생동,1개,0개
인천광역시 중구 신포동,3개,11개
인천광역시 중구 신흥동3가,6개,6개
인천광역시 중구 용동,1개,1개
인천광역시 중구 운남동,1개,5개
인천광역시 중구 운서동,16개,28개
인천광역시 중구 유동,2개,2개
인천광역시 중구 을왕동,1개,0개
인천광역시 중구 인현동,4개,9개
인천광역시 중구 전동,1개,1개
인천광역시 중구 중산동,12개,33개
인천광역시 중구 항동7가,5개,7개
